<author lang="en">
	<documents>
		<document><![CDATA[Feelings dey grow but you scared to show.🎧]]></document>
		<document><![CDATA[You know if I say something " I mean it" 🎧]]></document>
		<document><![CDATA[Ireland is still growing.]]></document>
		<document><![CDATA[#RealBetisBarca 🔥🔥⚽️]]></document>
		<document><![CDATA[That was a goal]]></document>
		<document><![CDATA[What a game ⚽️]]></document>
		<document><![CDATA[Real betis are playing Barcelona]]></document>
		<document><![CDATA[The demons are out tonight in Dublin.]]></document>
		<document><![CDATA[Everything must change when love get in the way. 🎧🎧]]></document>
		<document><![CDATA[I know you can not trust nobody but you have to trust someone 🎧🎧..]]></document>
		<document><![CDATA[Hi everyone that don't know me, please don't judge me by what you see about me on social media or what you hear about me. 

😊😊]]></document>
		<document><![CDATA[For the case of your strong head, I will live that to God]]></document>
		<document><![CDATA[Thank you God for the safe flight back to Dublin 🙏🏿]]></document>
		<document><![CDATA[You learn a lot of things when you on vacation,...]]></document>
		<document><![CDATA[Coming back to Dublin is just depressing 😪]]></document>
		<document><![CDATA[Very boring 😏 https://t.co/5nbfQxwAiu]]></document>
		<document><![CDATA[I know 😪, you just have to YOLO your life in the state💯 https://t.co/nbv5zXZtQq]]></document>
		<document><![CDATA[Bro this place is ☀️☀️... https://t.co/y7EIXuXvsi]]></document>
		<document><![CDATA[You this guy 🔥🔥🔥🔥.... https://t.co/QB2PBIt4wD]]></document>
		<document><![CDATA[You are sharp...💯💯 https://t.co/9aJJDrVTOT]]></document>
		<document><![CDATA[Am just tryna get to know ya, get a little closer....🎧🎧]]></document>
		<document><![CDATA[Am in Orlando &amp; am hearing something about tornado is going on in Orlando 😳😳😳]]></document>
		<document><![CDATA[I was fighting because of a girl...😂😂 https://t.co/fn27ZZ6tpA]]></document>
		<document><![CDATA[Nah that not gonna happen mate.. https://t.co/OBpXHT7YwV]]></document>
		<document><![CDATA[Ewa goyin is my type oo, am not into burger 😂😂....]]></document>
		<document><![CDATA[For Chelsea yeah 😊 https://t.co/1pTZCUY7Dt]]></document>
		<document><![CDATA[That good...😂😂 part time retail job would be good to make some money while you in Uni https://t.co/meFAJFagYv]]></document>
		<document><![CDATA[After she cheat on you with 6 different guy.. https://t.co/jh3vtBI6Wh]]></document>
		<document><![CDATA[The way Heritage Eyan &amp; efo is waiting for me when I get back to Ireland...]]></document>
		<document><![CDATA[You should go Orlando ☀️ ☀️💯 https://t.co/OT2FdiiX4s]]></document>
		<document><![CDATA[You should be able to cancel one of it... https://t.co/AhO45Qz5jB]]></document>
		<document><![CDATA[Not too big &amp; not too small..just in between]]></document>
		<document><![CDATA[What do you do when you like someone but they don't even wanna talk to you at all..]]></document>
		<document><![CDATA[If you a real one, you know how to bounce back..]]></document>
		<document><![CDATA[Sometimes you just have to free your mind and not think about anyone but yourself..]]></document>
		<document><![CDATA[You should know that if you were mine, I wouldn't mind spending my money &amp; my time just to make sure you are fine.. 🎧🎧]]></document>
		<document><![CDATA[At the end of the day am showing you what I want you to see..💯 https://t.co/mN3jWG6fVP]]></document>
		<document><![CDATA[Stay calm.. don't be a savage https://t.co/Evd4RKYExv]]></document>
		<document><![CDATA["TO LIVE A CREATIVE LIFE, WE MUST LOSE OUR FEAR OF BEING WRONG"

Good Morning 😊]]></document>
		<document><![CDATA[Touch down... Orlando]]></document>
		<document><![CDATA[Na only you way I fee love oo...🎶🎶]]></document>
		<document><![CDATA[Why 😪? https://t.co/EuEOVh9xzS]]></document>
		<document><![CDATA[" when the good thing  goes bad it not the end of the world"..🔥🎶]]></document>
		<document><![CDATA[😂😂iranu "none of your business " 😂😂😂 that was bad 😂😂 https://t.co/MPjOjZpr5I]]></document>
		<document><![CDATA["Never wrestle with pigs, you both get dirty and the 🐷 likes it."]]></document>
		<document><![CDATA[Lucas : " Too many girls get away with bullshit."]]></document>
		<document><![CDATA[@tope_akin212  what do you call this ?? 😂😂 https://t.co/IhcUXDv2G3]]></document>
		<document><![CDATA[I don't have time for rubbish this year,...]]></document>
		<document><![CDATA[I know but at that time, we had lampard then, https://t.co/qWyAIGthlM]]></document>
		<document><![CDATA[One of the best... https://t.co/JSeve7SIse]]></document>
		<document><![CDATA[Crazy girls dey this country]]></document>
		<document><![CDATA[Well some times.. "second chance is the best option"]]></document>
		<document><![CDATA[So you prefer going back to the same guy that f**ked you over just to give him another chance to f**k you over 😏 https://t.co/RtgZCwjLS1]]></document>
		<document><![CDATA[I don't wanna be without you...🎶🎶]]></document>
		<document><![CDATA[On the floor... https://t.co/lWIRi8qgbw]]></document>
		<document><![CDATA[That a big problem..]]></document>
		<document><![CDATA[No females want to start over with a new guy...for real]]></document>
		<document><![CDATA[&amp; get paid for that 💰 https://t.co/QXFkkZrknM]]></document>
		<document><![CDATA[Any good movie or Tv show to watch..]]></document>
		<document><![CDATA["Whatever your relationship status is, it's always complicated."]]></document>
		<document><![CDATA[In an exam all " you put your head down and look back up, an hour is gone" 😂😂]]></document>
		<document><![CDATA["Their is different between somebody who wants you and somebody who would do anything to keep you..."]]></document>
		<document><![CDATA[What they say is "if you put the work in, it will work out"]]></document>
		<document><![CDATA[Somebody should have told me it would be like this 🎶🎶🎧]]></document>
		<document><![CDATA[So am back to gym today 🔥...can't wait 2017🤙]]></document>
		<document><![CDATA[That blue jacket hazard is wearing 🔥🔥]]></document>
		<document><![CDATA[Finally, my nigga @mbatshuayi 💙💙]]></document>
		<document><![CDATA[Ivanovic is in trouble today 😂😂😂]]></document>
		<document><![CDATA[Good to see zouma back on the pitch]]></document>
		<document><![CDATA[Why recall the guy if is gonna be on the bench for most of the game]]></document>
		<document><![CDATA[Take it easy bro... https://t.co/nre643RT50]]></document>
		<document><![CDATA[If everyone become what they want to be in life...

Would life still be fair???]]></document>
		<document><![CDATA[Whoever is really meant to be in your life will always gravitate back to you, no matter how far they wander off.]]></document>
		<document><![CDATA[What wrong with Watford ??]]></document>
		<document><![CDATA[Wrights ?? https://t.co/35hSitHIYF]]></document>
		<document><![CDATA[@ShaggyJx happy birthday Segun...
☝🏾]]></document>
		<document><![CDATA[A lot of new faces am looking forward to meet in this year☝🏾☝🏾 🔥🔥]]></document>
		<document><![CDATA[@olaganiyu93  and fill it up with pages that are worth reading by the end of the year.]]></document>
		<document><![CDATA[Dnt tink of the opptunities tht u hav missed in d lst yr
The Nw Year is an unwritten book
so chse your actions and wrds wisely
HAPPY NEW YR]]></document>
		<document><![CDATA[First Sunday of the year....🙇🏽]]></document>
		<document><![CDATA[Went to bed 3 hours ago thinking am not gonna make it to 2017 but Thank you God....it 2017 🔥🙏🏿🙇🏽]]></document>
		<document><![CDATA[Chelsea play 3 top teams https://t.co/h8vvV36Eqk]]></document>
		<document><![CDATA[Tough month for Chelsea.... https://t.co/gxSFb2GjxQ]]></document>
		<document><![CDATA[If you don't know...now you know 🔥🔥 https://t.co/nhTazt6Vzm]]></document>
		<document><![CDATA[Sorry mate.. check the score again https://t.co/s80he5Cfbm]]></document>
		<document><![CDATA[Last Saturday of the year...🙏🏿🙏🏿]]></document>
		<document><![CDATA[That free kick from snodgrass 🔥🔥]]></document>
		<document><![CDATA[@opizzzy wrights]]></document>
		<document><![CDATA[Baby I wanna do the right things...feels so much better than the wrong things🎶🎶🎧🎧]]></document>
		<document><![CDATA[Oh boy... https://t.co/zgAweBzTlk]]></document>
		<document><![CDATA[😂😂😂😂 this as to be the funniest video for me 2016 😂😂😂 https://t.co/AwaV1lG1S8]]></document>
		<document><![CDATA[Looking for house is stressful]]></document>
		<document><![CDATA[Black is beautiful, black is bold]]></document>
		<document><![CDATA[Looking for house is actually stressing me out rn 😪]]></document>
		<document><![CDATA[For every level, there's a different devil]]></document>
		<document><![CDATA[Am tryna step up my game, I want to me be your husband...🎧🎧]]></document>
		<document><![CDATA[Wrights on the 1st  🤔🤔]]></document>
		<document><![CDATA["My way of joking is to tell the truth."]]></document>
		<document><![CDATA[So I stopped drinking alcohol 6 months ago 💭]]></document>
		<document><![CDATA[One is better than nothing...]]></document>
	</documents>
</author>