<author lang="en">
	<documents>
		<document><![CDATA[@CriticalStress_ Average declination of the full moon cycle @tan123]]></document>
		<document><![CDATA[@CriticalStress_ Okay Mark, what part of a significant Earth-Moon-Sun pattern coincided with the 1940's spike and the 2000's spike? @tan123]]></document>
		<document><![CDATA[Also, no evidence that man-made CO2 is related to warming https://t.co/XjE6NHGD6D Fossil fuel: There is no downside. https://t.co/rHcZJcWO2N]]></document>
		<document><![CDATA[1971-2011: Fossil fuel was good and renewable energy was bad for economic growth in 106 countries https://t.co/RT4lUQGISy ht @RogTallbloke]]></document>
		<document><![CDATA[How do you get the ball rolling in order for Seal Team 6 to pick up Soros? Btw, where is he atm https://t.co/FDrzRPMIPO]]></document>
		<document><![CDATA[.@ToomeyWright @shockresistant2 McCain's being manipulative, playing on Oz-US reciprocity feelings. He doesn't know Turnbull is hated here.]]></document>
		<document><![CDATA[Hi @SenJohnMcCain you rat! Why r u trying to play Australia's US Ambassador @JoeHockey off against @realDonaldTrump? https://t.co/t0tThmt4ZH]]></document>
		<document><![CDATA[.@Grahamcb4 McCain is being manipulative, playing on reciprocity feelings. He wants @JoeHockey to side against Trump @PatVPeters @FreeBeacon]]></document>
		<document><![CDATA[Aussies are not stupid. Many of us think McCain is a conniving rat. A lot of us like Trump and hate Turnbull. https://t.co/t0tThmt4ZH]]></document>
		<document><![CDATA[@NYTScience Awesome if @POTUS stops the subsidy of expensive wind &amp; solar as there is no reason for subsidizing them https://t.co/PvPk8i2ueu]]></document>
		<document><![CDATA[@alistairpcook Like the Boston Marathon bombers, Mr "PhD student"?]]></document>
		<document><![CDATA[Mobs that target life &amp; property are not protests, and should be dealt with by water cannon, tear gas and bird shot. https://t.co/U8nWLeQfjQ]]></document>
		<document><![CDATA[We don't want them here in Oz either. Why'd @TurnbullMalcolm strain our relation with the US over poisoned skittles? https://t.co/1JmL2xIIgS]]></document>
		<document><![CDATA[Trump is right. @TurnbullMalcolm did a sneaky deal with Obama at the last minute, thinking it wouldn't be noticed. https://t.co/1JmL2xIIgS]]></document>
		<document><![CDATA[Why did @TurnbullMalcolm strain Australia-US relations for the welfare of 1250 possible terrorists? @realDonaldTrump https://t.co/IpQD0IGcjB]]></document>
		<document><![CDATA[Hi @TurnbullMalcolm, I agree with @realDonaldTrump - how many poisoned skittles are in those 1250 Muslim refugees? https://t.co/5l4BUsnQQ1]]></document>
		<document><![CDATA[@matjhope @tan123 Hi @GregBarkerUK there is no evidence that fossil fuels are related to warming https://t.co/PvPk8i2ueu]]></document>
		<document><![CDATA[@BowieZMusic A criticism of Warner is not a valid criticism of his empirical research. @RitaPanahi @can_climate_guy @PoliticalIslam]]></document>
		<document><![CDATA[@BowieZMusic Bill Warner was a tenured physics professor, his analysis of Islam is quantitative @RitaPanahi @can_climate_guy @PoliticalIslam]]></document>
		<document><![CDATA[@ramzpaul Real problem is soft, effeminate govt &amp; judiciary. Needs less feminine appeals to emotion, and more focus on the public interest.]]></document>
		<document><![CDATA[@RitaPanahi Hi @BowieZMusic do u mean Sarsour's views or the cringeworthy low-info appeals to emotion at the #WomensMarch? @can_climate_guy]]></document>
		<document><![CDATA[@RitaPanahi Hi @BowieZMusic Since Sarsour's views are very Islamic, by proxy u called Islam dumb 😂 @can_climate_guy https://t.co/M6rDRHWyJw]]></document>
		<document><![CDATA[@TheRealKerryG Hi Kerry, @PaulineHansonOz is correct. The bulk of Islam is politics for Jihad against non-Muslims… https://t.co/79mzIhbeCh]]></document>
		<document><![CDATA[@timdunlop Hi Tim, @PaulineHansonOz is correct. Islam is mostly political doctrine for Jihad against non-Muslims… https://t.co/SBWzBPzaNk]]></document>
		<document><![CDATA[@sirdansmith Hi Dan, @PaulineHansonOz is correct. Islam is mostly political doctrine for Jihad against non-Muslims… https://t.co/3HbU0V8Qlf]]></document>
		<document><![CDATA[@giImoregaI Hi Jess, @PaulineHansonOz is correct. Islam is mostly political doctrine for Jihad against non-Muslims… https://t.co/E4q5n0ltRi]]></document>
		<document><![CDATA[@GoodsJL @tallpunksteph @PaulineHansonOz Islam still holds the body count record for political ideologies https://t.co/0DhuhzmB5S]]></document>
		<document><![CDATA[@tallpunksteph @PaulineHansonOz From 1970 to 2013, terror was overwhelmingly political - 43% Islam, 31% communist. https://t.co/i4MQKR2FAH]]></document>
		<document><![CDATA[@tallpunksteph @PaulineHansonOz Supporting datasets are ready to check in the links provided next to each statistic. https://t.co/vAiYAgqlAV]]></document>
		<document><![CDATA[@DaveyCampbell85 Hi David, @PaulineHansonOz is correct. The bulk of Islam is politics for Jihad against non-Muslims… https://t.co/pacjtaYnYC]]></document>
		<document><![CDATA[@MissPN005 Hi Kat, @PaulineHansonOz is correct. Islam is mostly political doctrine for Jihad against non-Muslims… https://t.co/GsHVps5dUE]]></document>
		<document><![CDATA[@tallpunksteph Hi Stephanie, @PaulineHansonOz is correct. Islam is mostly politics for Jihad against non-Muslims… https://t.co/shZHYEUrUE]]></document>
		<document><![CDATA[Hi @TheKennyDevine Pauline is correct. The bulk of Islam is political doctrine for Jihad against non-Muslims… https://t.co/z8ypdqbNt8]]></document>
		<document><![CDATA[Hi @AJEnglish Donald Trump's #MuslimBan puts the public interest first. Hopefully other Western nations do the same… https://t.co/oxK3NrMDxZ]]></document>
		<document><![CDATA[Manipulative appeals to emotion no longer work. More and more Westerners now realize that the public interest is a… https://t.co/A8y4Eqw0r5]]></document>
		<document><![CDATA[Hi @Arslan_Sadiq Islam's content shows that you are either lying to Westerners about Islam, or are ignorant of Isla… https://t.co/5nZLeqHBgK]]></document>
		<document><![CDATA[Hi @gmaster4real Are you seriously trying to say that Steve Jobs is representative of mass immigration from the 3rd… https://t.co/3vOeBl45vL]]></document>
		<document><![CDATA[Carl (2016): In 28 OECD nations, Jihad terror attacks per capita has a strong correlation with the % of Muslims https://t.co/zvKbvKlMRE]]></document>
		<document><![CDATA[@GoodsJL @claydo76 @jimmybo50 @PeterWallaceAU For example, severely punish those who are paid/or pay others to riot and tumult.]]></document>
		<document><![CDATA[@GoodsJL @claydo76 @jimmybo50 @PeterWallaceAU That said, I'd like to see Western civilizations go even further back into hard democracy.]]></document>
		<document><![CDATA[@GoodsJL @claydo76 @jimmybo50 @PeterWallaceAU Many'd agree that socialism, communism, Islam etc need to be banned in Western civilizations.]]></document>
		<document><![CDATA[@GoodsJL Like most pinkos, Hitler cared more about his stupid pinko ideology than the public interest. @claydo76 @jimmybo50 @PeterWallaceAU]]></document>
		<document><![CDATA[@claydo76 Hitler *didn't* follow Christian doctrine. @jimmybo50 @PeterWallaceAU https://t.co/cebxw8btsz https://t.co/xAut8mdVD1]]></document>
		<document><![CDATA[This #AustraliaDay, real Australians value our deep-seated dislike of soft cunts like snowflakes and their soft cun… https://t.co/VVt14DPaDZ]]></document>
		<document><![CDATA[@PeterWallaceAU Or, as I like to call them, "genocidal pinkos"]]></document>
		<document><![CDATA[Hi @LiberalAus why do American citizens have a government that puts the public interest first, but we don't? #auspol https://t.co/xxjEACanLM]]></document>
		<document><![CDATA[100% agree. Hi @LiberalAus please explain why the US gets to ban ppl from dangerous Muslim countries, but we can't? https://t.co/xxjEACanLM]]></document>
		<document><![CDATA[@tan123 @JacquelynGill Also, even more obvious when the full moon cycle is plotted over absolute temps… https://t.co/OiMm0lsJuO]]></document>
		<document><![CDATA[@tan123 Hi @JacquelynGill as u can c on the plot below, small firm figured it out without billions of climate scam… https://t.co/ONOEnYfwcN]]></document>
		<document><![CDATA[@KTHopkins @LBC Exactly - Trump is massive success. 96% success rate in business enterprises (200 or so in total) I think]]></document>
		<document><![CDATA[@mitchellvii One of the wisest things I heard was "never underestimate the predictability of stupid people". I think this does apply to MSM.]]></document>
		<document><![CDATA[@mitchellvii No one believes anything those muppets oops I mean MSM journalists say anymore]]></document>
		<document><![CDATA[@PeterWallaceAU Also, they had a good minute to dial their intent right up. Why'd they all scarper off and leave the female w/camera behind?]]></document>
		<document><![CDATA[@PeterWallaceAU @RobRob1965 @SteveSGoddard @CarberryMatthew looks &lt;30m from 3 buildings &amp; driveways, windbreaks als… https://t.co/tWz5lgqU8T]]></document>
		<document><![CDATA[@PeterWallaceAU @RobRob1965 @SteveSGoddard @CarberryMatthew Thermometers need 2b @ least 30m from artificial environ https://t.co/xVPh2GOi5z]]></document>
		<document><![CDATA[@EMCscotlandhome @2016JohnJ @AMDWaters @AnnCoulter I agree, they may want it indeed - methinks they protest too loudly.]]></document>
		<document><![CDATA[@AMDWaters @2016JohnJ Eg: how much of this increase in NSW sexual assaults is due to non-White racial demographics? https://t.co/eFcwjunagn]]></document>
		<document><![CDATA[@AMDWaters @2016JohnJ But I'm confident such studies'd find change in violence toward women is mianly from change in racial demographics]]></document>
		<document><![CDATA[@AMDWaters @2016JohnJ I don't have any data about racial demographics to add to the conversation tho. I look and look and can't find]]></document>
		<document><![CDATA[@AMDWaters @2016JohnJ Propaganda says otherwise, but I agree that white male demographics may be the least violent… https://t.co/j12JShiJub]]></document>
		<document><![CDATA[@Lauren_Southern @EriSt0crat As well as CS gas and bird shot, but I doubt they will like their much-needed showers from water cannons.]]></document>
		<document><![CDATA[@2016JohnJ @AMDWaters @EMCscotlandhome @clarionprojectI Good Q raised by @AnnCoulter - why r feminists obsessed with domineering white men?]]></document>
		<document><![CDATA[@MarkDiStef In all seriousness, that is a really good idea]]></document>
		<document><![CDATA[@Futureboy2K @JimFish56837379 @tan123 @politicalmiller @JesseLehrich Natural climate cycles are real &amp; account for almost all climate change]]></document>
		<document><![CDATA[@Breaking911 This is just awesome.]]></document>
		<document><![CDATA[@rainnwilson Hi, no empirical evidence of a relation between man-made CO2 &amp; global temp. The only cor is spurious https://t.co/V0OET917XT]]></document>
		<document><![CDATA[@tan123 Hi @BrianDunning there is no empirical evidence of a relation between man-made CO2 and global temp https://t.co/V0OET8Jwzj]]></document>
		<document><![CDATA[Hi @TheRickWilson I've been sitting on this Trump intel for a while, but you and @BuzzFeedBen have given me the cou… https://t.co/C0aB238Pbo]]></document>
		<document><![CDATA[@MikePowerhouse @JunkScience Specifically, a statistical analysis of man-made CO2 &amp; temp series which finds no evidence they are related.]]></document>
		<document><![CDATA[@MikePowerhouse @JunkScience Munshi: ff &amp; CO2 cor is spurious https://t.co/mFRcSS8zfq Every field except climate "science" is wary of this.]]></document>
		<document><![CDATA[@MikePowerhouse @JunkScience I'm just a business graduate: I follow the scientific method more strictly than many climate "scientists". Sad!]]></document>
		<document><![CDATA[@MikePowerhouse @JunkScience An ad verecundiam fallacy is not valid against empirical data.]]></document>
		<document><![CDATA[@Futureboy2K @JimFish56837379 @tan123 @politicalmiller @JesseLehrich It is not a question of "winning", it is a question of theory vs data.]]></document>
		<document><![CDATA[@Futureboy2K @tan123 @politicalmiller @JesseLehrich So far, you've committed 3 fallacies in 2 hours: Ad hominem, ad verecundiam and strawman]]></document>
		<document><![CDATA[@Futureboy2K @tan123 @politicalmiller @JesseLehrich And the man-made climate change hypothesis is extremely flimsy indeed.]]></document>
		<document><![CDATA[@Futureboy2K @tan123 @politicalmiller @JesseLehrich Any theory is unproven until tested against empirical data from the real world.]]></document>
		<document><![CDATA[@MikePowerhouse @JunkScience @wattsupwiththat Also, no empirical evidence of a relation between fossil fuels &amp; temp https://t.co/PvPk8i2ueu]]></document>
		<document><![CDATA[@MikePowerhouse @JunkScience @wattsupwiththat Oops that was minus tree rings, this one includes tree rings https://t.co/TUh6VOoyxB]]></document>
		<document><![CDATA[@MikePowerhouse @JunkScience @wattsupwiththat Posted pic is from a company tho https://t.co/win0NTCfxy, plots lunisolar precession over temp]]></document>
		<document><![CDATA[@MikePowerhouse @JunkScience @wattsupwiththat I think someone is a natural climate cycle denier !]]></document>
		<document><![CDATA[@Futureboy2K @tan123 @politicalmiller @JesseLehrich Hi, no empirical evidence that man-made CO2 is related to temp https://t.co/PvPk8hKTmW]]></document>
		<document><![CDATA[@MikePowerhouse @JunkScience @wattsupwiththat A plot of global temps reconstructed from ice cores and tree rings th… https://t.co/wOsOjM3nJy]]></document>
		<document><![CDATA[@PamelaGeller @RefugeeWatcher Canada needs to prepare itself culturally for an enriching onslaught of dindu nuffins from the 3rd world]]></document>
		<document><![CDATA[@MikePowerhouse @JunkScience @wattsupwiththat The data is plotted from ice cores and HadCRUT. Are you denying ice core and HadCRUT data?]]></document>
		<document><![CDATA[@MikePowerhouse I think Mike ignores data that says the Modern Warm Period is just a natural cycle @JunkScience… https://t.co/pDUl0VkYVv]]></document>
		<document><![CDATA[@DVATW lol @Fierce_Deity thinks doctors and nurses are representative of mass immigration from 3rd world countries.]]></document>
		<document><![CDATA[Self-titled theme metal for the historic moment when Mel &amp; Vince decided to drop the hammer on Hollywood snowflakes… https://t.co/dbVqfoOUtA]]></document>
		<document><![CDATA[@KTHopkins I reckon "gender nuetral" toilets are a great opportunity for witty troublemakers to bring back the horrific "reverse kanga"]]></document>
		<document><![CDATA[@GoyOrbison_ @cletusvandamm88 And wtf is going on with the eyebrows !]]></document>
		<document><![CDATA[@PeterWallaceAU @SenatorMRoberts That "safe schools" program, and every person associated with it, should be under police investigation imo.]]></document>
		<document><![CDATA[@PeterWallaceAU @SenatorMRoberts A valid point. Call me opportunistic, but the media attention could've been used to criticize safe schools.]]></document>
		<document><![CDATA[@PeterWallaceAU Hell, I can't even give him credit for having a classy bad attitude. The 'tude seem to be a lowlife style all the time]]></document>
		<document><![CDATA[@PeterWallaceAU I think Kyrgios looks like a crim, talks like a crim, acts like a crim. If not a high-paid sports star would prob be one imo]]></document>
		<document><![CDATA[In all seriousness @YowieMindset I think that the average Aussie bloke could swing @benshapiro around and around overhead like a helicopter.]]></document>
		<document><![CDATA[Hi @mark_lynas there is no empirical evidence that fossil fuels are related to ocean acidity. @JamesDelingpole https://t.co/XKrOqFqhxu]]></document>
		<document><![CDATA[@JohannesRiecke @clim8resistance @royalsociety Long story short: still no empirical evidence of a relation betw/ man-made CO2 &amp; global temp.]]></document>
		<document><![CDATA[@JohannesRiecke @clim8resistance @royalsociety One of those examples is the spurious correlation between man-made CO2 &amp; global temp.]]></document>
		<document><![CDATA[.@JohannesRiecke @clim8resistance @royalsociety For example: spurious cor between SP500 &amp; US GDP series w/UK murders https://t.co/rTW29z4GmY]]></document>
		<document><![CDATA[.@JohannesRiecke @clim8resistance @royalsociety Munshi clearly shows that the correlation between man-made CO2 &amp; global temp is spurious.]]></document>
		<document><![CDATA[@JohannesRiecke @clim8resistance @royalsociety Is every field except climate "science" is wary of spurious correlation in serial cor?]]></document>
	</documents>
</author>