<author lang="en">
	<documents>
		<document><![CDATA[An Easy Guide to Understanding the Customers #BuyingCycle  https://t.co/pEFBIgAJAf #marketing #sales https://t.co/WTNmGl2dzi]]></document>
		<document><![CDATA[[Video] What is #InboundMarketing? https://t.co/4yOzNyJ7v9]]></document>
		<document><![CDATA[How to Attract Visitors and Increase Profitable Website Traffic https://t.co/tvLTntpehW #inboundmarketing… https://t.co/XOsk4GFBGm]]></document>
		<document><![CDATA[3 Reasons Why #ColdCalling Is a Waste of Time https://t.co/yaehxE139t #sales #selling https://t.co/jVRJnov5vj]]></document>
		<document><![CDATA[Transform Your #Sales Process with #SalesEnablement https://t.co/9pFaQ9DydD https://t.co/csKUY5hBUb]]></document>
		<document><![CDATA[We're Hiring a Website &amp; Graphic Designer! Apply Within: https://t.co/ZQ0y33zKj8 https://t.co/N7mHAplK8P]]></document>
		<document><![CDATA[Top 5 Ways To Attract New Prospects Through #SocialMedia  https://t.co/i50MuWaaSV #leadgeneration https://t.co/VZpzF1vsrx]]></document>
		<document><![CDATA[Why #LandingPages Are Important &amp; How You Can Reap Their Benefits  https://t.co/bnBIccpZ1G #inboundmarketing https://t.co/EaGnq9ziDR]]></document>
		<document><![CDATA[5 #SellingTechniques Your #SalesTeam Needs to Adopt https://t.co/pJsZs1nwDW https://t.co/CyWECJIaSw]]></document>
		<document><![CDATA[7 Types Of #ContentMarketing To Attract New Prospects https://t.co/7KNNHcd5wz https://t.co/nLe9vMue67]]></document>
		<document><![CDATA[We're Hiring a Website &amp; Graphic Designer! Apply Within: https://t.co/ZQ0y33zKj8 https://t.co/EckRNHJRMw]]></document>
		<document><![CDATA[How #SalesEnablement Will Help You Close More Effectively https://t.co/Shzcwvnran https://t.co/O4QgGzOEX5]]></document>
		<document><![CDATA[[#WEBINAR ON DEMAND] Improve Your #Sales Cycle with Hubspot's Free #CRM  https://t.co/nodq8GLSZy #smb #sme https://t.co/oLu3UplH3r]]></document>
		<document><![CDATA[[Video] Start #Selling Smarter: How to Get New Customers https://t.co/2ABUZs6pIa]]></document>
		<document><![CDATA[3 Things You Need From Your Existing #WebsiteProvider https://t.co/zMAmOAjc1m https://t.co/1VSDptoTSI]]></document>
		<document><![CDATA[VIDEO: 7 Reasons Why Your #Business Needs to Prioritize #SocialMedia https://t.co/U6pJtadxKm]]></document>
		<document><![CDATA[Sell The Way Customers Buy: 3 Techniques For #Selling #Inbound https://t.co/XFzFJ0WMZ6 https://t.co/j0f3kfGicw]]></document>
		<document><![CDATA[How to Make Your Website Profitable and #IncreaseSales https://t.co/DBNFuW1xgB #inboundmarketing https://t.co/ZNntZJWvkz]]></document>
		<document><![CDATA[We're Hiring a Website &amp; Graphic Designer! Apply Within: https://t.co/ZQ0y33zKj8 https://t.co/w1xzaS4Iag]]></document>
		<document><![CDATA[How to Adapt to the New Way Customers Buy https://t.co/h9AIpu423k #sales #selling #business https://t.co/m9Mxd9HdKi]]></document>
		<document><![CDATA[5 Expert Tips to Increase #SalesEfficiency https://t.co/uduMvZrS8M https://t.co/0NoZu54dtO]]></document>
		<document><![CDATA[What's The Difference between #ContentMarketing and #InboundMarketing? https://t.co/4CTlLLjucF https://t.co/LOCs3MUAaT]]></document>
		<document><![CDATA[How To Make Your #Sales Team More Efficient https://t.co/iMCCAlAWKN https://t.co/KnZ3kjdGjH]]></document>
		<document><![CDATA[We're Hiring a Website &amp; Graphic Designer! Apply Within: https://t.co/ZQ0y33zKj8 https://t.co/t2cffZGk7D]]></document>
		<document><![CDATA[Take Your #Business To The Next Level With #SalesEnablement https://t.co/HcaXIrIBLV https://t.co/ffu2HoNm3D]]></document>
		<document><![CDATA[3 Free #Sales Templates To Make #Salespeople More Productive https://t.co/YSgUBWCvfD https://t.co/ZHjPAwaABN]]></document>
		<document><![CDATA[Problems You're Having With #SalesFunnel https://t.co/qZnx9Esy9c https://t.co/9Us0Pr223X]]></document>
		<document><![CDATA[Buyers Speak Out: How #Sales Needs to Evolve https://t.co/IPk0mCvVBf #salestactics #salesapproach https://t.co/KOOW1oqixM]]></document>
		<document><![CDATA[We're Hiring a Website &amp; Graphic Designer! Apply Within: https://t.co/ZQ0y33zKj8 https://t.co/hvAQuzW4mj]]></document>
		<document><![CDATA[Is Your Revenue Plummeting? Here's What To Do When #Sales Decline https://t.co/HMapl24Yx7 https://t.co/wP0GQyYeC1]]></document>
		<document><![CDATA[How To Calculate #InboundMarkeing #ROI https://t.co/gWJKbYlnBB https://t.co/MNAWPCSmgJ]]></document>
		<document><![CDATA[7 #LeadNurturing Techniques That Actually Work https://t.co/mLiEExlyqa https://t.co/MdRU2ZHTZk]]></document>
		<document><![CDATA[Increase #SalesEfficiency with These 4 #SalesEnablement Strategies https://t.co/KeBo25U4h3 https://t.co/5ofkb9PYgm]]></document>
		<document><![CDATA[We're Hiring a Website &amp; Graphic Designer! Apply Within: https://t.co/ZQ0y33zKj8 https://t.co/IgCXtc3kfS]]></document>
		<document><![CDATA[How to Start Attracting Prospects with #ContentMarketing https://t.co/nFnMTcU4zh https://t.co/MQhrZdEXCI]]></document>
		<document><![CDATA[What You Need to Know about the #InboundSales Funnel https://t.co/nE1EzT7W9H #inboundmarketing https://t.co/h185Pudio7]]></document>
		<document><![CDATA[What is #SalesEnablement and Why Does the Success of Your #Business Depend on It? https://t.co/2ja61pAHL1 https://t.co/wH4G5HGce5]]></document>
		<document><![CDATA[7 Undeniable Reasons Why #Blogging Is Important https://t.co/FwNpjerwsu #contentmarketing https://t.co/B3nEpKIZdh]]></document>
		<document><![CDATA[We're Hiring a Website &amp; Graphic Designer! Apply Within: https://t.co/ZQ0y33zKj8 https://t.co/Ee1K50mli5]]></document>
		<document><![CDATA[An Easy Guide to Understanding the Customers #BuyingCycle https://t.co/uMTopCChoP #marketing #sales https://t.co/7dmCVTnnzT]]></document>
		<document><![CDATA[We're Hiring a Website &amp; Graphic Designer! Apply Within: https://t.co/ZQ0y33zKj8 https://t.co/3gLOgqyWTO]]></document>
		<document><![CDATA[What Are the Best Ways to Increase #B2B Traffic to Your Website? https://t.co/E776U66a51 #inboundmarketing https://t.co/Mhg05DUF0L]]></document>
		<document><![CDATA[Top 5 #LeadEngagement and Nurturing Techniques https://t.co/i4n9N1wHcN #leadnurturing https://t.co/vLMOBuP95x]]></document>
		<document><![CDATA[How to Find a Dedicated #SalesEnablement Toronto Consultant https://t.co/M9mQ8ZuKKG https://t.co/V4dfYudP3m]]></document>
		<document><![CDATA[We're Hiring a Website &amp; Graphic Designer! Apply Within: https://t.co/ZQ0y33zKj8 https://t.co/3T2P4AUYPm]]></document>
		<document><![CDATA[5 Expert Tips to Increase #SalesEfficiency https://t.co/Tmpj28EfMw https://t.co/K6zQD6AYvj]]></document>
		<document><![CDATA[How to Adapt to the New Way Customers Buy https://t.co/ZhqdzEdPKM #sales #selling #business https://t.co/Ymdc0JOJyZ]]></document>
		<document><![CDATA[Find A #SalesEnablement Toronto Expert and Save Your #Business https://t.co/VrNrIGTUtO https://t.co/Rejm8rjEhi]]></document>
		<document><![CDATA[How to Increase Your #Sales by Improving Your Website https://t.co/cXFtj5ZW2I #businesswebsite https://t.co/v6R8lCG6I0]]></document>
		<document><![CDATA[How to Increase Your #Sales with #SalesEnablement https://t.co/39NqsDf8AP https://t.co/vuxrJRJewL]]></document>
		<document><![CDATA[We're Hiring a Website &amp; Graphic Designer! Apply Within: https://t.co/ZQ0y33zKj8 https://t.co/ZeCO0rnkU6]]></document>
		<document><![CDATA[#SalesEnablement #TorontoConsultants Can Help Your #Business https://t.co/VeAXazQzja https://t.co/qaDFsphcKw]]></document>
		<document><![CDATA[What's The Difference between #ContentMarketing and #InboundMarketing? https://t.co/9TkKaq1ef3 https://t.co/LGEogwDxqQ]]></document>
		<document><![CDATA[Why It's Time To Ditch #ColdCalling and Embrace The Future Of #Selling https://t.co/6dHIbDLrLj https://t.co/zxZHdOiJBY]]></document>
		<document><![CDATA[Buyers Speak Out: How #Sales Needs to Evolve https://t.co/eGnObkbUce  #salestactics #salesapproach https://t.co/zfO4u7YY8A]]></document>
		<document><![CDATA[We're Hiring a Website &amp; Graphic Designer! Apply Within: https://t.co/ZQ0y33zKj8 https://t.co/36UBlR0fjg]]></document>
		<document><![CDATA[How To Scale The Success Of Your Top #Salesperson https://t.co/h1dcsRMWpL #sales #selling https://t.co/oCsmACQLpr]]></document>
		<document><![CDATA[How Do #Personas Affect #SalesProcess? Here's Why You Need To Know https://t.co/iRrnxe7VrF https://t.co/wt5www8kcK]]></document>
		<document><![CDATA[We're Hiring a Website &amp; Graphic Designer! Apply Within: https://t.co/ZQ0y33zKj8 https://t.co/qGGVqSoPHh]]></document>
		<document><![CDATA[3 Reasons Why #SalesEnablement Appeals To Today's Buyers https://t.co/x21cmtatcZ https://t.co/xIhOv3BCW0]]></document>
		<document><![CDATA[How To Get The Most Out Of #Hubspot: Follow These 5 Tips https://t.co/a4BAhGJdZd #inboundmarketing https://t.co/kolEethb7u]]></document>
		<document><![CDATA[Learn How To #IncreaseRevenue With #ContentMarketing https://t.co/PdSOwElh4Z https://t.co/JIfyhRSim0]]></document>
		<document><![CDATA[What is #SalesEnablement and Why Does the Success of Your #Business Depend on It? https://t.co/1FGxWVfXd4 https://t.co/uIg38zP6J4]]></document>
		<document><![CDATA[How To Make Your #Sales Team More Efficient https://t.co/ml7dINtq6h https://t.co/JVNAk48Ofp]]></document>
		<document><![CDATA[We're Hiring a Website &amp; Graphic Designer! Apply Within: https://t.co/ZQ0y33zKj8 https://t.co/dTwGDN63gO]]></document>
		<document><![CDATA[Take Your #Business To The Next Level With #SalesEnablement https://t.co/rR4CmZLZUE https://t.co/LNkJbezNuj]]></document>
		<document><![CDATA[3 Free #Sales Templates To Make #Salespeople More Productive https://t.co/qiJCOu4WUK https://t.co/DrojDVDAlc]]></document>
		<document><![CDATA[7 Reasons Why Your #Business Needs to Prioritize #SocialMedia https://t.co/uH65inufTR https://t.co/UHz4yUxJYg]]></document>
		<document><![CDATA[Top 5 Ways To Attract New Prospects Through #SocialMedia https://t.co/iq3p4y50LX #leadgeneration https://t.co/Mk7bltt6W5]]></document>
		<document><![CDATA[We're Hiring a Website &amp; Graphic Designer! Apply Within: https://t.co/ZQ0y33zKj8 https://t.co/iVImG7Wp7M]]></document>
		<document><![CDATA[We're Hiring a Website &amp; Graphic Designer! Apply Within: https://t.co/ZQ0y33zKj8 https://t.co/Qz5cM1PGLz]]></document>
		<document><![CDATA[What To Do After Gaining An #Inbound #SalesLead https://t.co/BQ3pTeKMqg https://t.co/dOtuIT68ti]]></document>
		<document><![CDATA[How to Adapt to the New Way Customers Buy  https://t.co/T3xYxK2Fyu #sales #selling #business https://t.co/NImdGRvcnh]]></document>
		<document><![CDATA[5 Critical #SellingSkills in 2016 https://t.co/oHpqT5KXML https://t.co/ifjLmkBhVZ]]></document>
		<document><![CDATA[The Complete Guide To The #Inbound #SalesFunnel https://t.co/mGFssQhGfW #inboundmarketing https://t.co/8G7e1VhMyH]]></document>
		<document><![CDATA[How #SocialMedia Can Help Your #Business Gain Trust and Credibility https://t.co/5yg3B5mOQC https://t.co/xc0wiPt6da]]></document>
		<document><![CDATA[We're Hiring a Website &amp; Graphic Designer! Apply Within: https://t.co/ZQ0y33zKj8 https://t.co/rimbcWhhQu]]></document>
		<document><![CDATA[Try These 4 Strategies to Attract New Prospects #sales #inboundmarketing https://t.co/E3Mkwt9Sbt]]></document>
		<document><![CDATA[3 Undeniable Reasons #InboundMarketing Trumps Outbound https://t.co/rnkkoGZdIl https://t.co/Eo3xDJhL6n]]></document>
		<document><![CDATA[You Have an #InboundSales Lead -- Now What? https://t.co/j94txeWIep #inboundmarketing https://t.co/zIJymsOzNL]]></document>
		<document><![CDATA[[#WEBINAR ON DEMAND] Improve Your #Sales Cycle with Hubspot's Free #CRM https://t.co/UFyoOQnV0n  #smb #sme https://t.co/Q6EOtKfcaK]]></document>
		<document><![CDATA[5 Ways to Increase #InboundMarketing ROI https://t.co/JLDvNeR80G https://t.co/CYZhCy8N8M]]></document>
		<document><![CDATA[How to Attract Visitors and Increase Profitable Website Traffic https://t.co/ymYGJ4dwfd #inboundmarketing… https://t.co/qzCaJrjdje]]></document>
		<document><![CDATA[We're Hiring a Website &amp; Graphic Designer! Apply Within: https://t.co/ZQ0y33zKj8 https://t.co/WxhbDIqZfX]]></document>
		<document><![CDATA[Buyers Speak Out: How #Sales Needs to Evolve https://t.co/C2DnM995MY #salestactics #salesapproach https://t.co/mbuCThPz9D]]></document>
		<document><![CDATA[7 Reasons Why Your #Business Needs to Prioritize #SocialMedia https://t.co/NRGGa1KZBS #socialselling https://t.co/Vxw2i0A1mx]]></document>
		<document><![CDATA[Transform Your #Sales Process with #SalesEnablement https://t.co/gLH0mcNZzC https://t.co/FwWpRcJ8JV]]></document>
		<document><![CDATA[[Video] What is #InboundMarketing? https://t.co/4yOzNyJ7v9]]></document>
		<document><![CDATA[How to Make Your Website Profitable and #IncreaseSales https://t.co/GvXg4LjzhY #inboundmarketing https://t.co/RBINyf9Gpo]]></document>
		<document><![CDATA[How To Get Prospects To Open, Read, and Respond To Your #SalesEmails https://t.co/maKgr5VIQM https://t.co/J0UMbCZ8Sm]]></document>
		<document><![CDATA[We're Hiring a Website &amp; Graphic Designer! Apply Within: https://t.co/ZQ0y33zKj8 https://t.co/Dps5n9GLXJ]]></document>
		<document><![CDATA[5 Outdated #SalesBehaviours That You Should Ditch Today https://t.co/fzG8OzQHvX  #sales https://t.co/ouxtxrReY0]]></document>
		<document><![CDATA[Need Help With Your #SalesCycle? Try This Out For FREE:  https://t.co/6aSEUqHwrv #smb #sme https://t.co/1jo0kuldpT]]></document>
		<document><![CDATA[What To Do After Gaining An #Inbound #SalesLead https://t.co/bX1abivRaC https://t.co/VcxLGnynWg]]></document>
		<document><![CDATA[Top 3 Ways #SocialMedia Can Help Your #Business https://t.co/E4nFtDR4jT https://t.co/lc2SNt7vNa]]></document>
		<document><![CDATA[What is #SalesEnablement and Why Does the Success of Your #Business Depend on It? https://t.co/C5C0YZ85aY https://t.co/WQtZMf7fQz]]></document>
		<document><![CDATA[3 Reasons Why #ColdCalling Is a Waste of Time https://t.co/62PODON1Ci #sales #selling https://t.co/payY2rv8bY]]></document>
		<document><![CDATA[We're Hiring a Website &amp; Graphic Designer! Apply Within: https://t.co/ZQ0y33zKj8 https://t.co/R8v96PjJR3]]></document>
		<document><![CDATA[5 Things You Didn't Know About #SalesEnablement https://t.co/EA8k2tvwFu https://t.co/mZXEgAOUJl]]></document>
		<document><![CDATA[[Video] Start #Selling Smarter: How to Get New Customers https://t.co/2ABUZs6pIa]]></document>
	</documents>
</author>