<author lang="en">
	<documents>
		<document><![CDATA[Complete Strangers Who Met Their Doppelgangers And Had Plenty Of Questions https://t.co/mwFF38gg0K]]></document>
		<document><![CDATA[Dont you hate it whenever you open a bag of chips and its only 30% full? Thats how men feel about push up bras.]]></document>
		<document><![CDATA[How Many Of These Puns Can You Guess Without Checking Out The Answers? https://t.co/yiCxeWfwLi]]></document>
		<document><![CDATA[Why do people give up on each other so quickly? its like you do one thing wrong or require them to put in any extra effort and they are gone]]></document>
		<document><![CDATA[If someone is living their life and is clearly happy what right do you have to try and get in the way of that? It is none of your business]]></document>
		<document><![CDATA[Its fine to live a life people dont comprehend]]></document>
		<document><![CDATA[10+ Celeb Lookalikes You Would Not Believe Are From Different Countries https://t.co/ZcC5lkEqWo]]></document>
		<document><![CDATA[I love when you are holding a persons hand and they rub their thumb across yours its so basic but so comforting]]></document>
		<document><![CDATA[I think into things much too deeply]]></document>
		<document><![CDATA[If I care about you and you are sad Im automatically sad too sorry we are in this together]]></document>
		<document><![CDATA[I dont possess a dirty mind. I just have a sexy imagination.]]></document>
		<document><![CDATA[Ten Brutally Hilarious Comics For Those Who Like Dark Humour https://t.co/9KorVPYZ57]]></document>
		<document><![CDATA[The Thirty Hottest Jennifer Lopez Pictures https://t.co/07CuaCW9Rl]]></document>
		<document><![CDATA[I fake sleep when my loved ones walks in the room so I dont have to talk with them.]]></document>
		<document><![CDATA[Intelligence is attractive...]]></document>
		<document><![CDATA[10 Women Reveal How They Realized Their Vagina Was Too Loose  https://t.co/xXVGg28OyX]]></document>
		<document><![CDATA[The Top Bouncing Breasts Gifs Ever - Celebrity Edition https://t.co/nU6UXRfJ6S]]></document>
		<document><![CDATA[These Photos of Mia Khalifa That Will Make Your Head Spin https://t.co/SlQXBvlWBZ]]></document>
		<document><![CDATA[Being a dick wont make yours any larger.]]></document>
		<document><![CDATA[Weird Bedroom Confessions Revealed To Complete Strangers https://t.co/n0vaGWHGS1]]></document>
		<document><![CDATA[Meowing back at a cat when it meows at you.]]></document>
		<document><![CDATA[Your Go-To Sex Position Based Upon Your Zodiac Sign https://t.co/aSf2EUnfzX]]></document>
		<document><![CDATA[Half a dozen Ways Your Vagina Changes As You Age https://t.co/DXtOLVy1qy]]></document>
		<document><![CDATA[Would be nice to have an iPhone charger that lasts longer than 3 months]]></document>
		<document><![CDATA[Confessions From Women Regarding Doggystyle https://t.co/NjwoM3LdWA]]></document>
		<document><![CDATA[These Photos Show Why Males Love Windy Days https://t.co/6w3uSfwCzk]]></document>
		<document><![CDATA[Worst Celebrity Wardrobe Malfunctions Which Went Viral https://t.co/UsqtIQwtzI]]></document>
		<document><![CDATA[I was just kidding and you actually got mad..]]></document>
		<document><![CDATA[These Ladies Really Like Mirrors https://t.co/zSncnjX7Pf]]></document>
		<document><![CDATA[Everyone Should Know This About The Clitoris https://t.co/0WeS3KuLhb]]></document>
		<document><![CDATA[This guy Asked His Girl For A Sext But He Didnt Recognize Something In The Photo... https://t.co/KW8lCR5QNU]]></document>
		<document><![CDATA[I believe people overlook that it can mean a lot to somebody just to know you have been thinking of them]]></document>
		<document><![CDATA[The Best Porn Star Pics Of 2016 https://t.co/IOpLzGS835]]></document>
		<document><![CDATA[15 Hilarious Life Hacks You Can Do Using Your Sex Toys https://t.co/R5reuzSfea]]></document>
		<document><![CDATA[Chiseled abs are hot.]]></document>
		<document><![CDATA[Trucker Has Sexual intercourse While Driving On The Highway And Films It? https://t.co/J3ibDsdXp4]]></document>
		<document><![CDATA[Picture Series Of Women Climaxing Is Earning Critical Acclaim And I Can See Exactly why https://t.co/NeUlr5vu4t]]></document>
		<document><![CDATA[I just want to sleep allllll the time]]></document>
		<document><![CDATA[Crazy Things Pregnant Women Were Told To Do Back In The Day https://t.co/rnztrGfgLy]]></document>
		<document><![CDATA[Imagine having someone that only wanted you and didnt flirt with anyone else or make you uncertain as to whether they liked you or not]]></document>
		<document><![CDATA[Unlucky People Who Had A Terrible Day https://t.co/PDqvW9N1zn]]></document>
		<document><![CDATA[When they have a good style]]></document>
		<document><![CDATA[This Woman Wasnt Ready For What Happened On National Television https://t.co/jOACmLBzRA]]></document>
		<document><![CDATA[Telling a girl to calm down is a lot like attempting to baptize a cat..]]></document>
		<document><![CDATA[Mexican Booty To Rule the WORLD https://t.co/gL5mss2MVD]]></document>
		<document><![CDATA[Date someone who gives you the same feeling you get when you see food coming to your table at a restaurant]]></document>
		<document><![CDATA[This lady Was Attracted To Her Boyfriends Closest Friend And Wanted To Pull A Switch https://t.co/7UiBdbQNrl]]></document>
		<document><![CDATA[Had 60 days to do this and I leave it until the day before haha]]></document>
		<document><![CDATA[Just What Your Ass Says About Your Health https://t.co/ZmGZOntI52]]></document>
		<document><![CDATA[Sexy Little Outfits https://t.co/GjxG74q52v]]></document>
		<document><![CDATA[EPIC Relationship Trust Issues (Hilarious) https://t.co/5AiM4T5SGQ]]></document>
		<document><![CDATA[Would not shock me if I dropped dead]]></document>
		<document><![CDATA[So much to save up for]]></document>
		<document><![CDATA[The Creepiest Traditions On This Planet You Wont Believe Exist https://t.co/zGccb5qhff]]></document>
		<document><![CDATA[I Bet you Are Going To Love This Gallery https://t.co/d5hSqeeScJ]]></document>
		<document><![CDATA[These Pics Show Why Guys Love Windy Days https://t.co/6w3uSfwCzk]]></document>
		<document><![CDATA[In awkward situations we all pretend to text.]]></document>
		<document><![CDATA[Surgeon Pops His Blackhead But It Was Actually Something Else Geez! https://t.co/NDwUrr4i1x]]></document>
		<document><![CDATA[The Top Ten Best Revenge Stories of All Time https://t.co/R963Oh0gxk]]></document>
		<document><![CDATA[Tweet people how you wish to be tweeted.]]></document>
		<document><![CDATA[These Daring Love Making Positions Gives You Greater Penetration https://t.co/MRB23mH5GF]]></document>
		<document><![CDATA[When you understand your worth no one will make you feel worthless.]]></document>
		<document><![CDATA[Beautiful Girl Selfies https://t.co/OKstzxpnqW]]></document>
		<document><![CDATA[Cheaters Whom Got Instant Karma For Being Total Jerks https://t.co/Pu3Er4slkf]]></document>
		<document><![CDATA[I always want the truth even if its going to hurt me I dont care I need honest people in my life like people who wont sugar coat]]></document>
		<document><![CDATA[Ever Wonder Why Your Nips Go Hard Even When You Are Not Cold Or Excited? https://t.co/ddbkdA3tMl]]></document>
		<document><![CDATA[A man that can cook.]]></document>
		<document><![CDATA[Transform Your Pillows From Yellow To Bright White Immediately With This Simple Hack https://t.co/p84zHGSw06]]></document>
		<document><![CDATA[Forgot how to sleep]]></document>
		<document><![CDATA[See Through Is Far Better Than Simply Being Naked https://t.co/Q8JVYKXNg2]]></document>
		<document><![CDATA[Most sexy Tattoo Placements For Men And Women https://t.co/CciDM2z0EN]]></document>
		<document><![CDATA[Wanna do something fun]]></document>
		<document><![CDATA[The Internet Is Going Crazy Over 1 Finger Selfie Challenge https://t.co/brSjbttZvQ]]></document>
		<document><![CDATA[I open up a text and mentally answer then forget to actually reply.]]></document>
		<document><![CDATA[Cheerleader Gets Struck On The Head Which Turns Into A Huge Fight https://t.co/8GhG5M45nZ]]></document>
		<document><![CDATA[Confessions From Mothers Who Cheat https://t.co/uA1KFEZDaL]]></document>
		<document><![CDATA[Do you just stare at really attractive people and think how!]]></document>
		<document><![CDATA[Chiropractor Shows Back Cracking Method And It Goes Viral https://t.co/xCGG9WOox5]]></document>
		<document><![CDATA[I have the best mom ever]]></document>
		<document><![CDATA[Scientists Uncovered Horrifying 103-Year-Old Remains Of Titanic And It Will Give You Goosebumps https://t.co/TK9FFoqxkA]]></document>
		<document><![CDATA[Dog The Bounty Hunter Makes An Announcement About His Wife And The Shows Cancellation https://t.co/DHCCpDdFHc]]></document>
		<document><![CDATA[Screaming someones name in different tones until they notice you.]]></document>
		<document><![CDATA[When Friends With Benefits Goes Wrong https://t.co/MNFBbi5Q2L]]></document>
		<document><![CDATA[Homeless Teenager Spends 100K GoFundme Cash on Backpage Prostitutes &amp; Weed  https://t.co/HxABYY6H7L]]></document>
		<document><![CDATA[100% know where I stand with people at this point]]></document>
		<document><![CDATA[Naughty Comics That You Wont Stop Chuckling At https://t.co/btofkiECr1]]></document>
		<document><![CDATA[One of the most humorous nights I've had in a long time haha!:)]]></document>
		<document><![CDATA[A Look Inside The Brothels Where You Can Pick Girls From A Menu https://t.co/FKIU06v0Nm]]></document>
		<document><![CDATA[She Left Her Bra At Home During Her Workout And This Happened https://t.co/YIig8DrhOg]]></document>
		<document><![CDATA[This Challenge Will Lead To The Finest Sex Of Your Life https://t.co/UMGOFfsocD]]></document>
		<document><![CDATA[Females Who Forgot They Were Wearing Skirts https://t.co/A67GL5oU9o]]></document>
		<document><![CDATA[why is everybody out to get me today omg]]></document>
		<document><![CDATA[Its Getting Nippy Out! Better Burn up Some Bras https://t.co/5UTcaOj0iI]]></document>
		<document><![CDATA[Yesterday was insane]]></document>
		<document><![CDATA[The Craziest Day Before The Wedding Confessions https://t.co/pBD4g4J9E2]]></document>
		<document><![CDATA[It often physically hurts me to hold back my sarcastic responses!]]></document>
		<document><![CDATA[13 Lovers Who Are Embarrassed about How They Met https://t.co/SWIdwRsVD7]]></document>
		<document><![CDATA[The Disgusting Truth About When He Finishes inside of You https://t.co/duQMr5sUez]]></document>
		<document><![CDATA[I just wanna go on a city break pls]]></document>
		<document><![CDATA[How Much Do Pornstars Make For Each Nasty Act?  https://t.co/yOoXRYugb6]]></document>
	</documents>
</author>