<author lang="en">
	<documents>
		<document><![CDATA[Proud to be an @ANUAlumni #ANU 
@our_ANU @cosmicpinot @scienceANU @ANUFennerSchool 
https://t.co/syRMYv9gFF]]></document>
		<document><![CDATA[Banks are realizing dead end 
w/#coal investments @DeutscheBank #gcfund #ClimateAction #auspol #qldpol @emmalherd… https://t.co/upzWWUw6Dk]]></document>
		<document><![CDATA[With Prof Dovers at his farewell. A gr8 academic and person @ANUFennerSchool @scienceANU @our_ANU @ANUmedia… https://t.co/Q6j9AqLyaW]]></document>
		<document><![CDATA[@Perssonasa sorry to miss you today Asa. Great to hear that you are in Canberra. https://t.co/XqQzq3CKlM]]></document>
		<document><![CDATA[@MConleytyler diversity and inclusion are our strengths #auspol #FirstAustralians https://t.co/71WJKj2j3m]]></document>
		<document><![CDATA[@dan_kammen evidence also proves that #cleanenergy #renewableenergy 
 produces more #jobs #auspol https://t.co/DjABiwZ2O9]]></document>
		<document><![CDATA[Prof Holmes Pres @Science_Academy at launch of An interdisciplinary approach to living in a risky world @unimelb… https://t.co/dQbOQ2FWx4]]></document>
		<document><![CDATA[Gr8 mtg w/@ProfBarbaraN @FlanneryDavid @UniCanberra 
exploring collaboration possibilities @Science_Academy… https://t.co/pkgSCusO85]]></document>
		<document><![CDATA[Gr8 mtg w/@Robert_Costanza  @ida_kub &amp; discussing collaboration possibilities @ANUCrawford @HelenCSullivan @Science_Academy @FutureEarth Aus]]></document>
		<document><![CDATA[Great to see #Fiji leadership in #climatechange #COP23 @FijiPM @FijiAG @FijiRepublic #auspol #ClimateAction… https://t.co/t1tsUd25yy]]></document>
		<document><![CDATA[@rini_rants #USA has major emissions, will cast a challenge if it pulls out. It can take upto 1 or 4 years for a pull out to happen.]]></document>
		<document><![CDATA[@rini_rants it will create a mess to be sorted out but I am sure a way will be found.]]></document>
		<document><![CDATA[#ParisAgreement will go ahead if #USA decides to pull out, it is a global consensus 
#ActOnClimate #ClimateAction 
https://t.co/WAHFCSKBAn]]></document>
		<document><![CDATA[Well done @actgovernment @EnvironPlan @ABarrMLA @ShaneRattenbury @GENTLEMANMick @EkelundDorte for showing leadershi… https://t.co/aFJVcfXYwn]]></document>
		<document><![CDATA[What a great news to see such an inspirational career. Need more women in leadership roles #chiefjustice #auspol https://t.co/7C9fesQrDL]]></document>
		<document><![CDATA[@inspiringACT look forward to working w/u to advance #sustainability @Aus_ScienceWeek @Science_Academy @FutureEarth]]></document>
		<document><![CDATA[Gr8 2 c #ClimateAction @actgovernment @FutureEarth Oz looks forward 2 wkg 
w/u @EkelundDorte @frankjotzo… https://t.co/jeXMmjNLHe]]></document>
		<document><![CDATA[Many many congrats @spc_cps on your 70th birthday 
#sustainabledevelopment #pacific https://t.co/21B1A0RfX7]]></document>
		<document><![CDATA[@JustinTrudeau with statesman like you around, there is so much hope #Solidarity #auspol #WelcometoCanada https://t.co/61MSDmifyD]]></document>
		<document><![CDATA[@nytimes Trump muslim ban is cowardly and dangerous #Solidarity 
https://t.co/xu8XXxTihv]]></document>
		<document><![CDATA[@LilyDAmbrosioMP #greengrowth approach taken in Victoria is right way to address #climatechange #auspol  https://t.co/aEhqloGSZB]]></document>
		<document><![CDATA[@Duncanivison pleasure working w/colleagues @Sydney_Uni 4 advancing #sustainability @Science_Academy @FutureEarth  https://t.co/UfLOB3MCXM]]></document>
		<document><![CDATA[@jwthwaites thanks 4 ur gr8 contribution to #sustainabledevelopment #SDGs 
look forward to working w/u
@MonashMSDI… https://t.co/Y9sjxGbCKa]]></document>
		<document><![CDATA[@algore look forward to seeing you at @MSSIMelb @Ecocity2017 . We are all so grateful to ur work on #climatechange… https://t.co/Pu21ICmmb3]]></document>
		<document><![CDATA[So happy to read this. #UAE invests heavily in #renewableenergy #cleanenergy @Independent @GRI_LSE https://t.co/qNDF1OtMGy]]></document>
		<document><![CDATA[@FinnsAngle @UNUWIDER @JosephEStiglitz agree fully. Focus on #GDP only without addressing #inequality #SDGs will never lead to #SustDev]]></document>
		<document><![CDATA[Gr8 interview @FrankRijsberman @zeina_soufan @dubaimediainc
@wef #wef17 

#ClimateAction &amp; #ParisAgreement will go… https://t.co/shyWTASDys]]></document>
		<document><![CDATA[Congratulations to @Qantas for launch of its new #A380 hangar at LAX in #USA #gdayusa #auspol https://t.co/SK4xnak1Sf]]></document>
		<document><![CDATA[@dylanjmcconnell new #coal plants 4 reducing emission cost $62b, cost using renewables $24-$34bn 
#auspol #springst 
https://t.co/egB1MHzEfu]]></document>
		<document><![CDATA[This time will pass too, a sad moment to see things to come. #Solidarity w/scientists colleagues in #USA… https://t.co/yT3pSEx3TN]]></document>
		<document><![CDATA[@feraldata Congratulations, very excited. Look forward to working w/u #technology #sustainability nexus… https://t.co/gvtXXNNV9t]]></document>
		<document><![CDATA[Happy to see this. We must stand together against bigotry, injustice, discrimination to people of all  backgrounds/… https://t.co/ig1IH4Wg6R]]></document>
		<document><![CDATA[@UNICCanberra @FutureEarth Australia @Science_Academy looks forward to engaging with you on advancing #sustainability in the region]]></document>
		<document><![CDATA[@HelenClarkUNDP many thanks for your leadership of @UNDP and gr8 contribution to #sustainabledevelopment  inspiring… https://t.co/t4QZNaNuqY]]></document>
		<document><![CDATA[Happy #LunarNewYear to all celebrating #yearoftherooster #canberra #CBR #auspol https://t.co/0qiJEIdnq9]]></document>
		<document><![CDATA[Prof Alan #AustralianoftheYear 
yes we need to advance science. Thank you for your gr8 contribution. #auspol 
https://t.co/YhQzZrZ58B]]></document>
		<document><![CDATA[@SimonCorbell look forward to interacting with you in my new role w/@FutureEarth #Australia @Science_Academy https://t.co/u4NWsp4heC]]></document>
		<document><![CDATA[@McKenzieAmanda @FutureEarth #Australia looks forward to working with @climatecouncil to address #sustainability #climatechange #SDGs]]></document>
		<document><![CDATA[Congratulations @MonashMSDI for well deserved funding.@FutureEarth Aus @Science_Academy looks forward to working w/… https://t.co/cxo8uS2Kb2]]></document>
		<document><![CDATA[@ThomsonVicki proud to hear #Australian universities being rep through @groupofeight at @GDAYUSAofficial https://t.co/oUTRxZgC9R]]></document>
		<document><![CDATA[Congratulations Prof Holmes.Proud to have honour of working under your leadership of  @Science_Academy… https://t.co/dedOPGoStj]]></document>
		<document><![CDATA[Congratulations to all winners &amp; nominees of #ausoftheyear #AustralianoftheYear 2017 https://t.co/Os8YKlA3Ip]]></document>
		<document><![CDATA[Happy #AustraliaDay everyone 
@Science_Academy https://t.co/Odg3vD71ge]]></document>
		<document><![CDATA[With @FutureEarth RAC #kyoto members discussing Asian plan
@Science_Academy #sustainability @Nordinhasan https://t.co/DVe63ny6w8]]></document>
		<document><![CDATA[Enjoying the @FutureEarth meeting and the snow with @Nordinhasan and acting director @UNEPAsiaPacific… https://t.co/07rIYU1Z5i]]></document>
		<document><![CDATA[Making a presentation on @FutureEarth #Australia at the Asian workshop in RIHN #Kyoto @Science_Academy… https://t.co/nw3xVe1cns]]></document>
		<document><![CDATA[MOU signing on a global @FutureEarth project @Science_Academy @MonashUni https://t.co/wxW2RkD729]]></document>
		<document><![CDATA[One of @FutureEarth global projects being co-lead by Pep candell at CSIRO #Australia  @CSIROnews @Science_Academy… https://t.co/xD4YYG5Eso]]></document>
		<document><![CDATA[@FutureEarth #Australia @Science_Academy now on global map https://t.co/NWjXTGHgfp]]></document>
		<document><![CDATA[Great to see colleagues @hbamsey @kr_capecod @FrankRijsberman with former un sg @BanKimoon_amdg #gcfund #GGGI https://t.co/4mmJvzHxKq]]></document>
		<document><![CDATA[@FutureEarth Asia regional workshop at RIHN #kyoto participants #sustainability 
@Science_Academy @UNEPAsiaPacific https://t.co/RaZLhfzjhA]]></document>
		<document><![CDATA[Great #sustainability colleagues @FutureEarth @Science_Academy @UNEPAsiaPacific @Nordinhasan https://t.co/Cip2Qvj75g]]></document>
		<document><![CDATA[@FutureEarth and #anthropocene critically linked and intertwined #sustainability #SDGs #globalenvironmentalchange… https://t.co/gKmh1cFX0O]]></document>
		<document><![CDATA[Discussions on #sustainability begin in RIHN #kyoto @FutureEarth #Australia  @Science_Academy https://t.co/h3RlGVpnH4]]></document>
		<document><![CDATA[Enjoying #kyoto and getting ready for very busy days ahead 
@FutureEarth #Australia  @Science_Academy https://t.co/CRAIjFyxxi]]></document>
		<document><![CDATA[Thatcher's contribution to addressing #climatechange needs to be appreciated. https://t.co/EUjxFuG1u2]]></document>
		<document><![CDATA[On the way to #kyoto for @FutureEarth regional workshop #sustainability #SDGs  @Science_Academy @WendyBroadgate… https://t.co/YyQt6Pil4Y]]></document>
		<document><![CDATA[@FutureEarth Australia @Science_Academy pleased to work w/ @MSSIMelb on @Ecocity2017 
@adamfennessy  https://t.co/XC58JY4DkL]]></document>
		<document><![CDATA[@questacon @FutureEarth Australia @Science_Academy  looks forward to working with you to promote #Sustainability… https://t.co/msO0eSrcAH]]></document>
		<document><![CDATA[@FrankRijsberman @gggi_hq always a pleasure to see progress. Wish you and everyone @gggi_hq the very best.]]></document>
		<document><![CDATA[@FrankRijsberman very happy to see this progress. We have a great Thai team, which I recruited and was priveleged t… https://t.co/fZaERjFPYn]]></document>
		<document><![CDATA[@mtaylor_nz @IRENA having been part of irena, one expects nothing less. All the best #IRENA7A]]></document>
		<document><![CDATA[@Ha_Tanya good to be conected. Look forward to interacting with you in my new role w/@FutureEarth Australia]]></document>
		<document><![CDATA[A very good choice @LilyDAmbrosioMP wish @SimonCorbell all the best #springst #auspol https://t.co/BZPwPlNwtd]]></document>
		<document><![CDATA[@p_hannam @smh bipartisan approach is crucial on #climatechange #renewableenergy in #Australia  #economicgrowth #greeneconomy #Jobs #auspol]]></document>
		<document><![CDATA[Very good news. We need to increase nat RET not scrap it down. Well done PM @TurnbullMalcolm @JoshFrydenberg #auspol https://t.co/E1toDOhxMs]]></document>
		<document><![CDATA[Hurry #cities &amp; #climatechange conference deadline 15 Jan 
@IPCC_CH @FutureEarth @Science_Academy @ANU_Climate 
https://t.co/Z0I81PJ8Ia]]></document>
		<document><![CDATA[#women do gr8 contributions 
Well done @dfat we need more of this

@JulieBishopMP @EwenMcDonald_ @natashasmith72 

https://t.co/hj6KCQZvIE]]></document>
		<document><![CDATA[#divestment is gaining momentum
@emmalherd #auspol https://t.co/NvGqoDzZw9]]></document>
		<document><![CDATA[#China will spend $360b on #renewableenergy by 2020
sees the opportunities #auspol 
https://t.co/23Qlru1D7Z]]></document>
		<document><![CDATA[#coal expansion neither in #Planet nor in the long-term #economic interest of #Australia 
more #renewableenergy mor… https://t.co/96CKT5V8no]]></document>
		<document><![CDATA[#solar could beat #coal to become the cheapest power on earth 
#auspol #qldpol 
#ClimateAction  #ActOnClimate 
https://t.co/WNf4WgBGnU]]></document>
		<document><![CDATA[Great interview @kateauty 
#FirstAustralians #auspol https://t.co/NlDOzp0QTF]]></document>
		<document><![CDATA[Merry Christmas and happy new year. May 2017 bring greater joy to you and to your family and peace everywhere https://t.co/DGmh5bFiTG]]></document>
		<document><![CDATA[Gives us gr8est hopes on #ClimateAction where national action is lacking states #business r moving on #cleanenergy 

https://t.co/FL4eRam73z]]></document>
		<document><![CDATA[@jancorfee @Forbes this gives us the gr8est hope on #ClimateAction where national action is lacking states/ business r still moving #auspol]]></document>
		<document><![CDATA[A great #summerreading collection 
@Science_Academy https://t.co/IfPz1LiclO]]></document>
		<document><![CDATA[Great to see my former colleague @FrankWouters will be in @WFES @ADSW2017 @EUGCC_cleanergy 
#cleanenergy… https://t.co/KAQTiMzEZN]]></document>
		<document><![CDATA[@GraftonQuentin inequality needs to be reduced otherwise we will see the same results in Oz and other democracies https://t.co/eCts8wFctp]]></document>
		<document><![CDATA[@QuentinDempster #climatechange is a gr8 challenge we face effecting #inequality #poverty  #sustainabledevelopment… https://t.co/6lZDJvQd0h]]></document>
		<document><![CDATA[Congratulations @ProfTerryHughes 
We are so proud of the contributions you have made @NatureNews #GreatBarrierReef… https://t.co/kObcGEj1iu]]></document>
		<document><![CDATA[Congratulations @afsnsw on your election as President @NationalFarmers https://t.co/bWltsXNp2V]]></document>
		<document><![CDATA[Yes @mariaatkinson we are all proud of the heritage we bring to this amazing country which is now our home… https://t.co/7rzkx311wN]]></document>
		<document><![CDATA[@mariaatkinson hope to connect with you in new year. Happy Christmas and happy holidays]]></document>
		<document><![CDATA[Congratulations @StanKrpan on a well deserved reappointment as CEO @SustainVic look forward to working w/u
@Science_Academy @FutureEarth Aus]]></document>
		<document><![CDATA[@sammostyn #business is understanding costs of #climaterisk &amp; opportunity #climatechange presents via #lowcarbon… https://t.co/jpiQsjjju4]]></document>
		<document><![CDATA[@MichaelGrubb9 is a great resource on #cleanenergy transition.Must see. @ukinaustralia @DECCgovuk  @ChathamHouse… https://t.co/3oVVUeAKSX]]></document>
		<document><![CDATA[Many Congrats @LaurenceTubiana on this move to ECF. ECF lucky to have you. Great news for #ClimateAction… https://t.co/4swCFXAPcV]]></document>
		<document><![CDATA[A good Christmas story 
#auspol #fossilfuel #divestment #1o5C #ActOnClimate #ClimateAction #ParisAgreement 
https://t.co/HMEdz8lw7L]]></document>
		<document><![CDATA[@FrankRijsberman so glad to see the progress. Great team in Cambodia. Fortunate to have worked with them to lay the… https://t.co/dK084VGytt]]></document>
		<document><![CDATA[@kmac @IEABirol a #carbonbudget  fitted into this tweet would make #coal  expansion incompatible 
w/#ParisAgreement #auspol #1o5C]]></document>
		<document><![CDATA[With Brian @cosmicpinot @VC_ANU at his garden party @our_ANU @scienceANU @ANUAlumni #ANU @Science_Academy… https://t.co/u77REb8ljj]]></document>
		<document><![CDATA[@dan_kammen #cleanenergy can be a powerful tool to promote #socialequity  #auspol #renewableenergy #SDGs 
https://t.co/WpFoJZJ8Pj]]></document>
		<document><![CDATA[@JKaziunwomen good to see you posted in #Pakistan wish you all the best Jamshed https://t.co/O22FWH5Lla]]></document>
		<document><![CDATA[Rooftop #Solar increase credit to #Australia states &amp; territories
#auspol #renewableenergy #cleanenergy #springst 
https://t.co/WBdITC406y]]></document>
		<document><![CDATA[@DailyDigester thanks my earlier role in gggi @Science_Academy has setup @FutureEarth #Australia &amp; we hope to connect Oz w/#pacific region]]></document>
		<document><![CDATA[@DoE_Vanautu great to see colleagues &amp; work we started in 2014/15 in #Vanuatu #Fiji #pacific moving ahead. All the… https://t.co/WiOjiv8SPp]]></document>
		<document><![CDATA[@MLiebreich brilliant as always #renewableenergy #1o5C #ClimateAction #ActOnClimate #auspol #cleanenergy #cleantech 
https://t.co/1SFZ0HWGoH]]></document>
		<document><![CDATA[Wishing you all a very happy christmas and new year. May the new year bring peace, happiness and love everywhere https://t.co/jJN2WlccD1]]></document>
		<document><![CDATA[@Science_Academy @FutureEarth #Australia look forward to the summit https://t.co/qhX233CFnC]]></document>
	</documents>
</author>