<author lang="en">
	<documents>
		<document><![CDATA[Meetings and agendas aren't likely to hold your attention toda... More for Scorpio https://t.co/zIOAYkMEKy]]></document>
		<document><![CDATA[A dawning realization about the way in which you convey your m... More for Scorpio https://t.co/zIOAYkMEKy]]></document>
		<document><![CDATA[The heat is rising and you're ready to get up and move. If you... More for Scorpio https://t.co/zIOAYkMEKy]]></document>
		<document><![CDATA[You may act tough like a lone wolf, but you're uncertain if yo... More for Scorpio https://t.co/zIOAYkMEKy]]></document>
		<document><![CDATA[You might enjoy a recreational project so much that you lose t... More for Scorpio https://t.co/zIOAYkMEKy]]></document>
		<document><![CDATA[Keeping busy with menial tasks is surprisingly satisfying toda... More for Scorpio https://t.co/zIOAYkMEKy]]></document>
		<document><![CDATA[You have little patience for people who question your values. ... More for Scorpio https://t.co/zIOAYl4g98]]></document>
		<document><![CDATA[You may convince yourself that your current goals are achievab... More for Scorpio https://t.co/zIOAYkMEKy]]></document>
		<document><![CDATA[You're tempted to purchase a luxury item today that's been on ... More for Scorpio https://t.co/zIOAYkMEKy]]></document>
		<document><![CDATA[Your secretive nature is at home in this emotionally charged p... More for Scorpio https://t.co/zIOAYkMEKy]]></document>
		<document><![CDATA[Take every opportunity to make deeper emotional connections to... More for Scorpio https://t.co/zIOAYkMEKy]]></document>
		<document><![CDATA[There is a reason if your progress is blocked by circumstances... More for Scorpio https://t.co/zIOAYkMEKy]]></document>
		<document><![CDATA[You can breathe a welcome sigh of relief if love and creativit... More for Scorpio https://t.co/zIOAYkMEKy]]></document>
		<document><![CDATA[You're tired of putting your professional reputation on the li... More for Scorpio https://t.co/zIOAYl4g98]]></document>
		<document><![CDATA[You're tired of putting your professional reputation on the li... More for Scorpio https://t.co/zIOAYkMEKy]]></document>
		<document><![CDATA[You're tired of putting your professional reputation on the li... More for Scorpio https://t.co/zIOAYkMEKy]]></document>
		<document><![CDATA[You're tired of putting your professional reputation on the li... More for Scorpio https://t.co/zIOAYkMEKy]]></document>
		<document><![CDATA[Don't discount the value of the lessons you learn from your li... More for Scorpio https://t.co/zIOAYkMEKy]]></document>
		<document><![CDATA[Don't discount the value of the lessons you learn from your li... More for Scorpio https://t.co/zIOAYkMEKy]]></document>
		<document><![CDATA[Current opportunities look too good today to be true. Thankful... More for Scorpio https://t.co/zIOAYkMEKy]]></document>
		<document><![CDATA[People may be surprised by the steady stream of creative solut... More for Scorpio https://t.co/zIOAYkMEKy]]></document>
		<document><![CDATA[People may be surprised by the steady stream of creative solut... More for Scorpio https://t.co/zIOAYkMEKy]]></document>
		<document><![CDATA[You are struck with a brilliant idea about how to do a regular... More for Scorpio https://t.co/zIOAYkMEKy]]></document>
		<document><![CDATA[You are struck with a brilliant idea about how to do a regular... More for Scorpio https://t.co/zIOAYkMEKy]]></document>
		<document><![CDATA[You are struck with a brilliant idea about how to do a regular... More for Scorpio https://t.co/zIOAYkMEKy]]></document>
		<document><![CDATA[You are struck with a brilliant idea about how to do a regular... More for Scorpio https://t.co/zIOAYkMEKy]]></document>
		<document><![CDATA[You are struck with a brilliant idea about how to do a regular... More for Scorpio https://t.co/zIOAYkMEKy]]></document>
		<document><![CDATA[With my hair I'm either being called a lesbian or @Jack_Septic_Eye . Blaming you for this yih prick.]]></document>
		<document><![CDATA[Found this cover from a few months ago ! @rory_friers @ASIWFA you's might be familiar with the tune ;) 

https://t.co/I5BqPRa4hJ]]></document>
		<document><![CDATA[Your imagination enables you to see all kinds of potential whe... More for Scorpio https://t.co/zIOAYkMEKy]]></document>
		<document><![CDATA[Your imagination enables you to see all kinds of potential whe... More for Scorpio https://t.co/zIOAYkMEKy]]></document>
		<document><![CDATA[Your imagination enables you to see all kinds of potential whe... More for Scorpio https://t.co/zIOAYkMEKy]]></document>
		<document><![CDATA[You're not interested in the bright lights and loud music toni... More for Scorpio https://t.co/zIOAYkMEKy]]></document>
		<document><![CDATA[Language is more powerful than any tool, whether you're buildi... More for Scorpio https://t.co/zIOAYkMEKy]]></document>
		<document><![CDATA[Language is more powerful than any tool, whether you're buildi... More for Scorpio https://t.co/zIOAYkMEKy]]></document>
		<document><![CDATA[Although it's been a long year full of ups and downs, you may ... More for Scorpio https://t.co/zIOAYkMEKy]]></document>
		<document><![CDATA[You are unwilling to negotiate once you set your mind to somet... More for Scorpio https://t.co/zIOAYkMEKy]]></document>
		<document><![CDATA[It's a wonderful feeling to be home today, where you feel ador... More for Scorpio https://t.co/zIOAYkMEKy]]></document>
		<document><![CDATA[It's a wonderful feeling to be home today, where you feel ador... More for Scorpio https://t.co/zIOAYkMEKy]]></document>
		<document><![CDATA[A creative insight may come seemingly out of nowhere today, pr... More for Scorpio https://t.co/zIOAYkMEKy]]></document>
		<document><![CDATA[A creative insight may come seemingly out of nowhere today, pr... More for Scorpio https://t.co/zIOAYkMEKy]]></document>
		<document><![CDATA[Keep it light and friendly today -- try not to inflate one lit... More for Scorpio https://t.co/zIOAYkMEKy]]></document>
		<document><![CDATA[You may grow weary just thinking about the lively discourse th... More for Scorpio https://t.co/zIOAYkMEKy]]></document>
		<document><![CDATA[You may grow weary just thinking about the lively discourse th... More for Scorpio https://t.co/zIOAYkMEKy]]></document>
		<document><![CDATA[You may grow weary just thinking about the lively discourse th... More for Scorpio https://t.co/zIOAYkMEKy]]></document>
		<document><![CDATA[You wish your faith was burning brighter today, but you can't ... More for Scorpio https://t.co/zIOAYkMEKy]]></document>
		<document><![CDATA[You wish your faith was burning brighter today, but you can't ... More for Scorpio https://t.co/zIOAYkMEKy]]></document>
		<document><![CDATA[You wish your faith was burning brighter today, but you can't ... More for Scorpio https://t.co/zIOAYkMEKy]]></document>
		<document><![CDATA[You wish your faith was burning brighter today, but you can't ... More for Scorpio https://t.co/zIOAYkMEKy]]></document>
		<document><![CDATA[There's a sentimental feeling lingering in the air today, but ... More for Scorpio https://t.co/zIOAYkMEKy]]></document>
		<document><![CDATA[Managing your moods is a full-time job today as memories from ... More for Scorpio https://t.co/zIOAYkMEKy]]></document>
		<document><![CDATA[My band @IDTofficial16 just hit 1,000 likes on Facebook. bai]]></document>
		<document><![CDATA[Milhouse is back on the Twittermachine #gerrup #sesh]]></document>
		<document><![CDATA[@SwordsExpress your 9:05 507 from swords manor is doing the 500 route , what's the craic lads?]]></document>
		<document><![CDATA[Managing your moods is a full-time job today as memories from ... More for Scorpio https://t.co/zIOAYkMEKy]]></document>
		<document><![CDATA[The pace grows hectic as you hurry to honor everything on your... More for Scorpio https://t.co/zIOAYkMEKy]]></document>
		<document><![CDATA[The pace grows hectic as you hurry to honor everything on your... More for Scorpio https://t.co/zIOAYkMEKy]]></document>
		<document><![CDATA[The pace grows hectic as you hurry to honor everything on your... More for Scorpio https://t.co/zIOAYkMEKy]]></document>
		<document><![CDATA[The pace grows hectic as you hurry to honor everything on your... More for Scorpio https://t.co/zIOAYkMEKy]]></document>
		<document><![CDATA[Verbalizing what you want is a significant challenge today. Th... More for Scorpio https://t.co/zIOAYkMEKy]]></document>
		<document><![CDATA[You could drift on autopilot today, paying so little attention... More for Scorpio https://t.co/zIOAYkMEKy]]></document>
		<document><![CDATA[You may feel some internal conflict brewing deep beneath the s... More for Scorpio https://t.co/zIOAYkMEKy]]></document>
		<document><![CDATA[Enjoy the unexpected break from your hectic schedule and kick ... More for Scorpio https://t.co/zIOAYkMEKy]]></document>
		<document><![CDATA[Duty calls as you check your wallet today. Sorting out financi... More for Scorpio https://t.co/zIOAYkMEKy]]></document>
		<document><![CDATA[It may seem like business as usual as you move through your pr... More for Scorpio https://t.co/zIOAYkMEKy]]></document>
		<document><![CDATA[Something mysterious is brewing in your subconscious mind toda... More for Scorpio https://t.co/zIOAYkMEKy]]></document>
		<document><![CDATA[Although you Scorpions are generally known for your intense re... More for Scorpio https://t.co/zIOAYkMEKy]]></document>
		<document><![CDATA[Rays of sunshine and hope can filter through the clouds to gui... More for Scorpio https://t.co/zIOAYkMEKy]]></document>
		<document><![CDATA[It might seem as if you are running out of time to make some b... More for Scorpio https://t.co/zIOAYkMEKy]]></document>
		<document><![CDATA[Processing bottled-up anger is a crucial component of finding ... More for Scorpio https://t.co/zIOAYkMEKy]]></document>
		<document><![CDATA[You have plenty of chores to do today and, thankfully, the int... More for Scorpio https://t.co/zIOAYkMEKy]]></document>
		<document><![CDATA[Sometimes your feelings are so powerful that you don't know wh... More for Scorpio https://t.co/zIOAYkMEKy]]></document>
		<document><![CDATA[You may discover that you and someone else are not on the same... More for Scorpio https://t.co/zIOAYkMEKy]]></document>
		<document><![CDATA[Focusing on solutions instead of problems puts you in a positi... More for Scorpio https://t.co/zIOAYkMEKy]]></document>
		<document><![CDATA[You are usually able to keep your feelings hidden from others ... More for Scorpio https://t.co/zIOAYkMEKy]]></document>
		<document><![CDATA[You're eager to make a bold move to improve your finances toda... More for Scorpio https://t.co/zIOAYkMEKy]]></document>
		<document><![CDATA[A strange mixture of positive and negative energy morphs into ... More for Scorpio https://t.co/zIOAYkMEKy]]></document>
		<document><![CDATA[It requires almost no effort to radiate confidence today, whic... More for Scorpio https://t.co/zIOAYkMEKy]]></document>
		<document><![CDATA[Your stories might have very little in common with reality tod... More for Scorpio https://t.co/zIOAYkMEKy]]></document>
		<document><![CDATA[Honoring your dreams is essential now because they are the out... More for Scorpio https://t.co/zIOAYl4g98]]></document>
		<document><![CDATA[Concentrating on your work is challenging when there are so ma... More for Scorpio https://t.co/zIOAYkMEKy]]></document>
		<document><![CDATA[Connections with new people are only alluring if they are inte... More for Scorpio https://t.co/zIOAYkMEKy]]></document>
		<document><![CDATA[You might be required to work extra hard to meet the expectati... More for Scorpio https://t.co/zIOAYkMEKy]]></document>
		<document><![CDATA[There's plenty of time to recover from the destabilizing cosmi... More for Scorpio https://t.co/zIOAYkMEKy]]></document>
		<document><![CDATA[Decisions you make now concerning your long-term goals impact ... More for Scorpio https://t.co/zIOAYkMEKy]]></document>
		<document><![CDATA[Impatient thinking combines with sloppy logic today, adding ex... More for Scorpio https://t.co/zIOAYkMEKy]]></document>
		<document><![CDATA[Although you know exactly what you need to do today, it's not ... More for Scorpio https://t.co/zIOAYkMEKy]]></document>
		<document><![CDATA[You're driven to share the truth today without concern for the... More for Scorpio https://t.co/zIOAYkMEKy]]></document>
		<document><![CDATA[Knowing where you stand in a relationship can be tricky now. C... More for Scorpio https://t.co/zIOAYkMEKy]]></document>
		<document><![CDATA[A desert of emotional dryness can magically transform into a f... More for Scorpio https://t.co/zIOAYkMEKy]]></document>
		<document><![CDATA[People are drawn in by your magnetic charm without realizing t... More for Scorpio https://t.co/zIOAYkMEKy]]></document>
		<document><![CDATA[You're eager to explore new ways to break up the routine of yo... More for Scorpio https://t.co/zIOAYkMEKy]]></document>
		<document><![CDATA[You could do something at work today that others think is craz... More for Scorpio https://t.co/zIOAYkMEKy]]></document>
		<document><![CDATA[Money may not grow on trees, yet you could plant seeds today t... More for Scorpio https://t.co/zIOAYkMEKy]]></document>
		<document><![CDATA[You can be your own harshest critic, especially if you fall sh... More for Scorpio https://t.co/zIOAYkMEKy]]></document>
		<document><![CDATA[Not only does your confidence return today, it soars on the wi... More for Scorpio https://t.co/zIOAYkMEKy]]></document>
		<document><![CDATA[You're inclined to keep silent today if someone complains abou... More for Scorpio https://t.co/zIOAYkMEKy]]></document>
		<document><![CDATA[You are no stranger to the far reaches of your own subconsciou... More for Scorpio https://t.co/zIOAYkMEKy]]></document>
		<document><![CDATA[There's no question at all about where you stand on a particul... More for Scorpio https://t.co/zIOAYkMEKy]]></document>
		<document><![CDATA[Surprisingly, hidden agendas are out in the open today. It's l... More for Scorpio https://t.co/zIOAYkMEKy]]></document>
	</documents>
</author>