<author lang="en">
	<documents>
		<document><![CDATA[Spanish student and her friend are in my bathroom on FaceTime with a boy🤔]]></document>
		<document><![CDATA[It almost seems like if you keep your eyes closed, the exotic ... More for Taurus https://t.co/7AkOsrdEjd]]></document>
		<document><![CDATA[Everyone runs to you when they need someone dependable, but no... More for Taurus https://t.co/7AkOsrdEjd]]></document>
		<document><![CDATA[Electricity crackles through your environment as possibilities... More for Taurus https://t.co/7AkOsrdEjd]]></document>
		<document><![CDATA[There appear to be more options in your vocational sphere when... More for Taurus https://t.co/7AkOsrdEjd]]></document>
		<document><![CDATA[You're feeling the love and you want nothing more than to gath... More for Taurus https://t.co/7AkOsrdEjd]]></document>
		<document><![CDATA[You're trying to collect as many constants as you can so the v... More for Taurus https://t.co/7AkOsrdEjd]]></document>
		<document><![CDATA[Found a bag of clothes in the attic I forgot I had...its like getting new clothes all over again for free 🙌🏼]]></document>
		<document><![CDATA[Your dogged persistence is your saving grace today as circumst... More for Taurus https://t.co/7AkOsqW3rF]]></document>
		<document><![CDATA[You might believe that your social and professional relationsh... More for Taurus https://t.co/7AkOsrdEjd]]></document>
		<document><![CDATA[You might believe that your social and professional relationsh... More for Taurus https://t.co/7AkOsrdEjd]]></document>
		<document><![CDATA[You might think you're missing something important today becau... More for Taurus https://t.co/7AkOsrdEjd]]></document>
		<document><![CDATA[You are quite insistent when it comes to getting your message ... More for Taurus https://t.co/7AkOsrdEjd]]></document>
		<document><![CDATA[You are eager to turn your big ideas into reality, but logisti... More for Taurus https://t.co/7AkOsrdEjd]]></document>
		<document><![CDATA[Keep your eyes on the ball since precision control of your act... More for Taurus https://t.co/7AkOsrdEjd]]></document>
		<document><![CDATA[You're eager to swing into action in order to reestablish your... More for Taurus https://t.co/7AkOsqW3rF]]></document>
		<document><![CDATA[@Joewaters10 I think she's brilliant 😂 calling everyone darling she's playing a game]]></document>
		<document><![CDATA[@Joewaters10 I have a problem, I hate the drama but I LOVE the drama🙈]]></document>
		<document><![CDATA[Can't resist the drama on celebrity big brother this year 👌🏼]]></document>
		<document><![CDATA[You're eager to swing into action in order to reestablish your... More for Taurus https://t.co/7AkOsrdEjd]]></document>
		<document><![CDATA[You're eager to swing into action in order to reestablish your... More for Taurus https://t.co/7AkOsrdEjd]]></document>
		<document><![CDATA[You're eager to swing into action in order to reestablish your... More for Taurus https://t.co/7AkOsrdEjd]]></document>
		<document><![CDATA[The excitement of an unorthodox vision might shake your founda... More for Taurus https://t.co/7AkOsrdEjd]]></document>
		<document><![CDATA[The excitement of an unorthodox vision might shake your founda... More for Taurus https://t.co/7AkOsrdEjd]]></document>
		<document><![CDATA[Looking outside the box in search of more meaningful work soun... More for Taurus https://t.co/7AkOsrdEjd]]></document>
		<document><![CDATA[You are grateful that your support network comes through when ... More for Taurus https://t.co/7AkOsrdEjd]]></document>
		<document><![CDATA[You are grateful that your support network comes through when ... More for Taurus https://t.co/7AkOsrdEjd]]></document>
		<document><![CDATA[You're unsure how to handle your high-strung nerves today. Alt... More for Taurus https://t.co/7AkOsrdEjd]]></document>
		<document><![CDATA[You're unsure how to handle your high-strung nerves today. Alt... More for Taurus https://t.co/7AkOsrdEjd]]></document>
		<document><![CDATA[You're unsure how to handle your high-strung nerves today. Alt... More for Taurus https://t.co/7AkOsrdEjd]]></document>
		<document><![CDATA[You're unsure how to handle your high-strung nerves today. Alt... More for Taurus https://t.co/7AkOsrdEjd]]></document>
		<document><![CDATA[You're unsure how to handle your high-strung nerves today. Alt... More for Taurus https://t.co/7AkOsrdEjd]]></document>
		<document><![CDATA[It's only natural to dream about the future on this first day ... More for Taurus https://t.co/7AkOsrdEjd]]></document>
		<document><![CDATA[It's only natural to dream about the future on this first day ... More for Taurus https://t.co/7AkOsrdEjd]]></document>
		<document><![CDATA[It's only natural to dream about the future on this first day ... More for Taurus https://t.co/7AkOsrdEjd]]></document>
		<document><![CDATA[A fry is just like a gift from the heavens after a night out😍]]></document>
		<document><![CDATA[Although establishing a list of goals for the future is your t... More for Taurus https://t.co/7AkOsrdEjd]]></document>
		<document><![CDATA[Somehow you know that the time has come to focus on the many t... More for Taurus https://t.co/7AkOsrdEjd]]></document>
		<document><![CDATA[Somehow you know that the time has come to focus on the many t... More for Taurus https://t.co/7AkOsrdEjd]]></document>
		<document><![CDATA[It might be incredibly hard to believe that a whole year has g... More for Taurus https://t.co/7AkOsrdEjd]]></document>
		<document><![CDATA[Your energy reserves begin to heat up as your ideas take shape... More for Taurus https://t.co/7AkOsrdEjd]]></document>
		<document><![CDATA[If ever there was a time to eat, drink and be merry, it's toda... More for Taurus https://t.co/7AkOsqW3rF]]></document>
		<document><![CDATA[If ever there was a time to eat, drink and be merry, it's toda... More for Taurus https://t.co/7AkOsrdEjd]]></document>
		<document><![CDATA[Often change is good for stirring up the energy, but it still ... More for Taurus https://t.co/7AkOsrdEjd]]></document>
		<document><![CDATA[Often change is good for stirring up the energy, but it still ... More for Taurus https://t.co/7AkOsrdEjd]]></document>
		<document><![CDATA[There's plenty of work to get done today, and the state of aff... More for Taurus https://t.co/7AkOsrdEjd]]></document>
		<document><![CDATA[There's no time to slow down while the holiday energy envelops... More for Taurus https://t.co/7AkOsrdEjd]]></document>
		<document><![CDATA[There's no time to slow down while the holiday energy envelops... More for Taurus https://t.co/7AkOsrdEjd]]></document>
		<document><![CDATA[There's no time to slow down while the holiday energy envelops... More for Taurus https://t.co/7AkOsrdEjd]]></document>
		<document><![CDATA[A casual conversation may turn chilly today, prompting you to ... More for Taurus https://t.co/7AkOsrdEjd]]></document>
		<document><![CDATA[A casual conversation may turn chilly today, prompting you to ... More for Taurus https://t.co/7AkOsrdEjd]]></document>
		<document><![CDATA[A casual conversation may turn chilly today, prompting you to ... More for Taurus https://t.co/7AkOsrdEjd]]></document>
		<document><![CDATA[A casual conversation may turn chilly today, prompting you to ... More for Taurus https://t.co/7AkOsrdEjd]]></document>
		<document><![CDATA[In light of the past few days of excitement, you might want to... More for Taurus https://t.co/7AkOsqW3rF]]></document>
		<document><![CDATA[The clutter on your countertops mirrors the clutter in your mi... More for Taurus https://t.co/7AkOsrdEjd]]></document>
		<document><![CDATA[The clutter on your countertops mirrors the clutter in your mi... More for Taurus https://t.co/7AkOsrdEjd]]></document>
		<document><![CDATA[The cosmos cranks up the pressure today, and you might miss th... More for Taurus https://t.co/7AkOsrdEjd]]></document>
		<document><![CDATA[The cosmos cranks up the pressure today, and you might miss th... More for Taurus https://t.co/7AkOsrdEjd]]></document>
		<document><![CDATA[The cosmos cranks up the pressure today, and you might miss th... More for Taurus https://t.co/7AkOsrdEjd]]></document>
		<document><![CDATA[The cosmos cranks up the pressure today, and you might miss th... More for Taurus https://t.co/7AkOsrdEjd]]></document>
		<document><![CDATA[Your sense of purpose is at odds with your delicate emotions t... More for Taurus https://t.co/7AkOsrdEjd]]></document>
		<document><![CDATA[Your sense of purpose is at odds with your delicate emotions t... More for Taurus https://t.co/7AkOsrdEjd]]></document>
		<document><![CDATA[Your heart tells you to aim for the stars since anything is po... More for Taurus https://t.co/7AkOsrdEjd]]></document>
		<document><![CDATA[Tensions are running high at work today, as everyone has their... More for Taurus https://t.co/7AkOsrdEjd]]></document>
		<document><![CDATA[Your long-term goals or plans for the future may have been a r... More for Taurus https://t.co/7AkOsrdEjd]]></document>
		<document><![CDATA[Any incomplete business left over from the workweek should be ... More for Taurus https://t.co/7AkOsrdEjd]]></document>
		<document><![CDATA[Something within you stirs visions of an ideal future, and you... More for Taurus https://t.co/7AkOsrdEjd]]></document>
		<document><![CDATA[There is a wonderful get-it-done attitude in the air today. Yo... More for Taurus https://t.co/7AkOsrdEjd]]></document>
		<document><![CDATA[It's disconcerting when you can't rely on the same signs that ... More for Taurus https://t.co/7AkOsrdEjd]]></document>
		<document><![CDATA[It's only natural to set your goals higher when you are sure y... More for Taurus https://t.co/7AkOsqW3rF]]></document>
		<document><![CDATA[It might feel as if fate is messing with you now as events imp... More for Taurus https://t.co/7AkOsrdEjd]]></document>
		<document><![CDATA[Your uncharacteristic willingness to change your opinion in an... More for Taurus https://t.co/7AkOsrdEjd]]></document>
		<document><![CDATA[Lingering emotional issues appear to be resolved in a momentar... More for Taurus https://t.co/7AkOsqW3rF]]></document>
		<document><![CDATA[Suppressed passions push their way into awareness today, deepe... More for Taurus https://t.co/7AkOsrdEjd]]></document>
		<document><![CDATA[Amidst the fun and frivolity, you may experience a sense of ur... More for Taurus https://t.co/7AkOsrdEjd]]></document>
		<document><![CDATA[Confusing optimism with denial will likely lead you down a pat... More for Taurus https://t.co/7AkOsqW3rF]]></document>
		<document><![CDATA[You are in luck today if you're looking for positive recogniti... More for Taurus https://t.co/7AkOsrdEjd]]></document>
		<document><![CDATA[Your view of the world seems so certain now that you don't hes... More for Taurus https://t.co/7AkOsrdEjd]]></document>
		<document><![CDATA[You have the luxury of knowing that swiftly changing circumsta... More for Taurus https://t.co/7AkOsrdEjd]]></document>
		<document><![CDATA[Hearing innocent comments as if they were critical remarks can... More for Taurus https://t.co/7AkOsrdEjd]]></document>
		<document><![CDATA[Contradictions abound today, making it exceptionally difficult... More for Taurus https://t.co/7AkOsqW3rF]]></document>
		<document><![CDATA[Imaginative friends and coworkers cook up ideas that inspire y... More for Taurus https://t.co/7AkOsrdEjd]]></document>
		<document><![CDATA[You have mixed emotions about revealing your innermost secrets... More for Taurus https://t.co/7AkOsrdEjd]]></document>
		<document><![CDATA[Your thoughts are smoothly transformed into deeds today, makin... More for Taurus https://t.co/7AkOsrdEjd]]></document>
		<document><![CDATA[You can be so single-minded that others can't get past your bu... More for Taurus https://t.co/7AkOsrdEjd]]></document>
		<document><![CDATA[Red velvet hot chocolate is my new addiction❤️]]></document>
		<document><![CDATA[You're in no mood to negotiate with anyone today because you k... More for Taurus https://t.co/7AkOsrdEjd]]></document>
		<document><![CDATA[It might be wise to ignore the incoming information if you fin... More for Taurus https://t.co/7AkOsrdEjd]]></document>
		<document><![CDATA[It's tempting to push your point home today, but your persiste... More for Taurus https://t.co/7AkOsrdEjd]]></document>
		<document><![CDATA[Someone you know may have an ax to grind today and you could b... More for Taurus https://t.co/7AkOsrdEjd]]></document>
		<document><![CDATA[You are driven to excel in your career now, but might find mak... More for Taurus https://t.co/7AkOsrdEjd]]></document>
		<document><![CDATA[Relationship issues are on the table today but you aren't will... More for Taurus https://t.co/7AkOsrdEjd]]></document>
		<document><![CDATA[Really want to drive but not bothered to learn🙄]]></document>
		<document><![CDATA[Your social skills are on point now and your responsible appro... More for Taurus https://t.co/7AkOsrdEjd]]></document>
		<document><![CDATA[You're wondering about your place in the world today and wheth... More for Taurus https://t.co/7AkOsrdEjd]]></document>
		<document><![CDATA[It might not be such a simple task to keep your feelings in ch... More for Taurus https://t.co/7AkOsrdEjd]]></document>
		<document><![CDATA[A slight loss of confidence isn't enough to deter your progres... More for Taurus https://t.co/7AkOsrdEjd]]></document>
		<document><![CDATA[Someone might be rather demanding today when requesting your p... More for Taurus https://t.co/7AkOsrdEjd]]></document>
		<document><![CDATA[You might think you can cleverly skip over the most intense pa... More for Taurus https://t.co/7AkOsrdEjd]]></document>
		<document><![CDATA[You might lose touch with your common sense today if you think... More for Taurus https://t.co/7AkOsrdEjd]]></document>
	</documents>
</author>