<author lang="en">
	<documents>
		<document><![CDATA[@AdoreDelano thank you so much https://t.co/EXXYkw4yuZ]]></document>
		<document><![CDATA[@jinkxmnsoon FUCKMYLIFE666]]></document>
		<document><![CDATA[11:11 more green day shows]]></document>
		<document><![CDATA[11:11 more ATL shows]]></document>
		<document><![CDATA[11:11 meet thorgy, becki, ********, adore, phi phi, drag shows when im 18, more gigs, ATL m+g/ee cardiff, bms, the 1975, ymas]]></document>
		<document><![CDATA[its fucking annoying and you're watching a concert not a fucking sport]]></document>
		<document><![CDATA[also can people who wolf whistle at gigs fucking die X]]></document>
		<document><![CDATA[a group of people just started yelling no trump no kkk no facist usa i love green day fans]]></document>
		<document><![CDATA[@apxtheticcbitch u can have igloo parties and stuff its wild]]></document>
		<document><![CDATA[@apxtheticcbitch yes omg!! the servers are full sometimes and ur data doesnt transfer over to actual cp but its fun nonetheless]]></document>
		<document><![CDATA[THATS MY GAL https://t.co/ZXxQMM4MZn]]></document>
		<document><![CDATA[@partynoriega thank you so much!!]]></document>
		<document><![CDATA[@sgfgirIs thank you so much shay!!!]]></document>
		<document><![CDATA[@partynoriega yes im seeing them today!! im so excited]]></document>
		<document><![CDATA[@brianmcshook you can only get it on laptop tho]]></document>
		<document><![CDATA[@brianmcshook its here till march 29th but go on virtual penguin and u get free membership its Wild]]></document>
		<document><![CDATA[we're so close to leeds https://t.co/rpMhaK8hpg]]></document>
		<document><![CDATA[we're only an hour and a half away from leeds holy shit]]></document>
		<document><![CDATA[@iliwysoph same luckily cardiff will be first after hammersmith i just hope the presales worked in my favor this time]]></document>
		<document><![CDATA[@iliwysoph wonder if they'll release them all at once or do like 5 shows each time]]></document>
		<document><![CDATA[@iliwysoph that would be lush if they did sign ups though]]></document>
		<document><![CDATA[@iliwysoph wait are they doing sign ups? i thought they only did that if there wasnt a presale]]></document>
		<document><![CDATA[since im seeing green day tonight, add me on snapchat emily.awg]]></document>
		<document><![CDATA[@PhiPhiOhara lego be wildin]]></document>
		<document><![CDATA[@PhiPhiOhara im seeing my favourite band today https://t.co/WMezGsrlF8]]></document>
		<document><![CDATA[@AdoreDelano when are you gonna get that cat you were talking about on ig live??]]></document>
		<document><![CDATA[@AdoreDelano when are you gonna adopt that cat u were talking about????]]></document>
		<document><![CDATA[11:11 all goes well tomorrow]]></document>
		<document><![CDATA[11:11 meet thorgy, becki, ********, adore, phi phi, drag shows when im 18, more gigs, ATL m+g/ee cardiff, bms, the 1975, ymas]]></document>
		<document><![CDATA[@dreamynoriega around timestamp 5:25]]></document>
		<document><![CDATA[issues that are going on in the world today and she inspires me and so many other people and she has the Nerve to undermine adore]]></document>
		<document><![CDATA[im sorry but this really pissed me off i hate it when people brand adore like that when shes so much more and shes so vocal about so many]]></document>
		<document><![CDATA[than party chola libra its so fucking sad people still have their views skewed by a tv show]]></document>
		<document><![CDATA[idc if y'all like her but christine shouldnt fucking put adore down like that im so annoyed adore is so much more https://t.co/LGPK6pfzoB]]></document>
		<document><![CDATA[@PhiPhiOhara aw bless him]]></document>
		<document><![CDATA[@brianmcshook literally me as hell I Cant Do This .]]></document>
		<document><![CDATA[@brianmcshook apparently shes announcing dates next week]]></document>
		<document><![CDATA[@farrahrized bless buzzfeed making relevant quizzes instead of what toaster brand are you]]></document>
		<document><![CDATA[@tmthnoriega i really hope you get to see them live one day you deserve it]]></document>
		<document><![CDATA[@tmthnoriega thank u so much i cant wait for jesus of suburbia live to kill me]]></document>
		<document><![CDATA[@tmthnoriega im shook as hell]]></document>
		<document><![CDATA[thank you so much omg i am genuinely so hyped 💗 https://t.co/WR3eyJ5ZGv]]></document>
		<document><![CDATA[i never ever thought this day would come im so shocked]]></document>
		<document><![CDATA[im seeing green day tomorrow]]></document>
		<document><![CDATA[@ajaskatya plus its expensive for venues to have insurance and stuff, not everything can be made accessible you know]]></document>
		<document><![CDATA["who's mcr"
-searches-
"oh my chemical romance??" Literally me tho @AdoreDelano]]></document>
		<document><![CDATA[@sIaytina go on virtual penguin u can get membership for free]]></document>
		<document><![CDATA[@AlexAllTimeLow play the girls a straight up hustler]]></document>
		<document><![CDATA[lois is meeting bianca so soon im so excited for her]]></document>
		<document><![CDATA[i cant wait for teddy to meet bianca it is: LIT]]></document>
		<document><![CDATA[@laskymeow happy birthday!!]]></document>
		<document><![CDATA[@farrahrized @FarrahsEyebrow theres a highlighter account too 😂]]></document>
		<document><![CDATA[this is 11:30pm GMT https://t.co/7vMQ8aMBWF]]></document>
		<document><![CDATA[11:11 haus of 24/7z]]></document>
		<document><![CDATA[11:11 meet thorgy, becki, ********, adore, phi phi, drag shows when im 18, more gigs, ATL m+g/ee cardiff, bms, the 1975, ymas.]]></document>
		<document><![CDATA[11:11 haus of 24/7]]></document>
		<document><![CDATA[11:11 meet thorgy, becki, ********, adore, phi phi, drag shows when im 18, more gigs, ATL m+g/ee cardiff, bms, the 1975, ymas]]></document>
		<document><![CDATA[can becki stop bullying me https://t.co/79dODeDSa9]]></document>
		<document><![CDATA[@AdoreDelano what do u think of the new s9 queens]]></document>
		<document><![CDATA[THE OFF SEASON IS OVER https://t.co/PBLyVa1P1o]]></document>
		<document><![CDATA[@PhiPhiOhara who needs party city when you have gay city]]></document>
		<document><![CDATA[@Colleeeeeeeeenn or ppl could buy a three sim they're pretty obtainable like Why dont people research or anything]]></document>
		<document><![CDATA[@Colleeeeeeeeenn without presales id be so screwed]]></document>
		<document><![CDATA[@Colleeeeeeeeenn idk what you have in ireland but has no one ever heard of o2 priority or venue presales like]]></document>
		<document><![CDATA[@Colleeeeeeeeenn omg i know or when the 45 year olds complain when they dont enter their details fast enough like Prepare]]></document>
		<document><![CDATA[:( @sparkledelano this is what i was telling u about https://t.co/8ytS8UkDQS]]></document>
		<document><![CDATA[why is no one voting for we can make the world stop i adore that song so much https://t.co/e6hR0kkLsH]]></document>
		<document><![CDATA[@PhiPhiOhara i am so happy that lego has found friends]]></document>
		<document><![CDATA[11:11 @AdoreDelano is happy 💗]]></document>
		<document><![CDATA[11:11 haus of 24/7]]></document>
		<document><![CDATA[11:11 meet thorgy, becki, ********, adore, phi phi, drag shows when im 18, more gigs, ATL m+g/ee cardiff, bms, the 1975, ymas]]></document>
		<document><![CDATA[@AdoreDelano what has adore taught you as a person?]]></document>
		<document><![CDATA[@AdoreDelano what is the biggest distinguishable difference between adore and danny?]]></document>
		<document><![CDATA[@AdoreDelano im so proud of you my angel thank you so much all of those songs were so emotional and raw 💗💗💗]]></document>
		<document><![CDATA["this is a sad story about a guy who stains the brain like dye" https://t.co/u4JD2vku7z]]></document>
		<document><![CDATA[THIS IS A SAD STORY ABOUT A BOY WHO STAINS THE BRAIN LIKE DYE]]></document>
		<document><![CDATA[play with my hair has saved 2017 thank you @AdoreDelano]]></document>
		<document><![CDATA[@AdoreDelano if this isnt you right now https://t.co/HKsJpe2D4O]]></document>
		<document><![CDATA[@delanobelli @glvceon we should do before and after photos for when we meet adore]]></document>
		<document><![CDATA[@delanobelli shut up our selfie is p good its one of my fave photos of myself]]></document>
		<document><![CDATA[@AdoreDelano i love my hair so much, getting short hair was the happiest thing i ever did and i love myself for it https://t.co/931RdJBPuU]]></document>
		<document><![CDATA[@AdoreDelano you're the cutest pinky toe]]></document>
		<document><![CDATA[@AdoreDelano self love is so important, i love you]]></document>
		<document><![CDATA[@AdoreDelano you are so positive i love you]]></document>
		<document><![CDATA[11:11 @AdoreDelano is happy]]></document>
		<document><![CDATA[11:11 meet thorgy, becki, ********, adore, phi phi, drag shows when im 18, more gigs, ATL m+g/ee cardiff, bms, the 1975, ymas]]></document>
		<document><![CDATA[@AdoreDelano whats a mantra or like a quote that you get inspiration from?]]></document>
		<document><![CDATA[@AdoreDelano i love you so much. thank you.]]></document>
		<document><![CDATA[@AdoreDelano i love you so much. thank you for inspiring me so much thank you for helping me get the courage to persue my dreams]]></document>
		<document><![CDATA[@AdoreDelano its the fact that they dont believe in me bc of last year's experience, it really sucks :( 💗]]></document>
		<document><![CDATA[@AdoreDelano to be able to go back and it kinda sucks :(]]></document>
		<document><![CDATA[@AdoreDelano how do i convince my family to let me go back to college bc i failed last year and no one seems to have faith in me]]></document>
		<document><![CDATA[@AdoreDelano literally situation with some toxic people in my life :( i want to cut some of my friends off but im afraid to be alone]]></document>
		<document><![CDATA[@AdoreDelano thank you so much. your positive influence has brought so much amazing light into my life and i cant thank you enough]]></document>
		<document><![CDATA[@AdoreDelano you are so inspiring and thats what i love about you, your intelligence and your compassion for others is amazing]]></document>
		<document><![CDATA[@AdoreDelano im just thinking its sad explaining to future generations how to avoid situations where they may be vulnerable :(]]></document>
		<document><![CDATA[@AdoreDelano be who you want my love, it's ok 💗]]></document>
		<document><![CDATA[@PhiPhiOhara i love you too, miss you loads 💗💗]]></document>
		<document><![CDATA[@PhiPhiOhara im so happy lego loves eevee too aw]]></document>
		<document><![CDATA[@orignoflove the igloos 💔]]></document>
	</documents>
</author>