<author lang="en">
	<documents>
		<document><![CDATA[@angelinasimms thank you for connecting with me.]]></document>
		<document><![CDATA[#disability and #race can work as a unit in disability studies, so stop being so fearful #Higher #Education #intersectionality #empowerment]]></document>
		<document><![CDATA[How much of your degree covers disability and race? I am keen to know!#DisabilityStudies #HigherEducation #Interesctionality]]></document>
		<document><![CDATA[I wonder how many students get shut down by their lecturer for wanting to introduce #race into their #disability #studies assignment?]]></document>
		<document><![CDATA[Disabled Black students in HE are often told that introducing race into their assignments is “not the given assessment”. #racism #barriers]]></document>
		<document><![CDATA[Some peoples attitudes are as plainly putting it rude.]]></document>
		<document><![CDATA[I see not much has changed since Macdonald et al (1989) wrote their chapter 'The History of Anti-Racist Education'.… https://t.co/spfP9cj2SU]]></document>
		<document><![CDATA[I refuse to watch horrors with kids killing people. Does anyone else share this view?]]></document>
		<document><![CDATA[Is it not time that we had a Black Prime Minister in the UK.]]></document>
		<document><![CDATA[Talks about the elections already....]]></document>
		<document><![CDATA[The relief when you finish writing an literature review. 

#SEN #Ethnicity #Categorising #Segregation #Education #Britain #Racism]]></document>
		<document><![CDATA[@NicolaRollock @Independent this calls for a petition to block his entry.]]></document>
		<document><![CDATA[RT READING LIST: INTERSECTIONAL DISABILITY &amp; DISABLED WOMEN 
https://t.co/svkV1JeYXj]]></document>
		<document><![CDATA[That moment when writing a #literature review and you make reference to your first educator who #empowered you in the area of #disability.]]></document>
		<document><![CDATA[@ROIsaysno hope his found soon.]]></document>
		<document><![CDATA[When the house is freezing cold.]]></document>
		<document><![CDATA[Yes I can happy sit and watch 'The fresh prince of Bel-Air' on Netflix's. 😀 https://t.co/oaMQRVcPOh]]></document>
		<document><![CDATA['Facilitating inclusion / accessibility in research is easy. Start with being opened minded'.]]></document>
		<document><![CDATA['Some people allow their fears to hold them back'.]]></document>
		<document><![CDATA[I was out the door at 6am and am proud to say I am still smiling.]]></document>
		<document><![CDATA[@Muna_Abdi_Phd equally they are lucky to have a very good, flexible thinking and diverse educator.]]></document>
		<document><![CDATA[Waited weeks for the book to come and it's finally here. Can't wait to start reading. Feeling excited. https://t.co/blYm2go25c]]></document>
		<document><![CDATA[It's worrying when students can't understand that social policy can be a paradox in its approach. #disability #disabilitystudies]]></document>
		<document><![CDATA[@AlanRoulstone your work was introduced in our social policy lecture today. That made me  very happy. #disabilitystudies]]></document>
		<document><![CDATA[@rsocialskills heard these phases way to much from non disabled people.]]></document>
		<document><![CDATA[Am I the only person who listens to yoga music and could fall asleep on the train.]]></document>
		<document><![CDATA[When you realise half your pens in your uni bag have disappeared over the Christmas break.]]></document>
		<document><![CDATA[When you keep pressing the snooze button on your alarm.]]></document>
		<document><![CDATA[Apologies for people following me who I have not thanked. I lose my way sometimes on twitter. I really appreciate networking with you all.]]></document>
		<document><![CDATA[It certainly is absurd and irrational thinking. https://t.co/072jt5CDpm]]></document>
		<document><![CDATA[@rsocialskills @irinarempt You are absolutely correct. I think its pure ignorance which prevents people from seeing the values.]]></document>
		<document><![CDATA[@rsocialskills thank you for connecting with me.]]></document>
		<document><![CDATA[@rsocialskills @irinarempt I agree it certainly does.]]></document>
		<document><![CDATA[@irinarempt @rsocialskills I understood what you meant. 😊]]></document>
		<document><![CDATA[#shitcripshear "I would use sedative medicine to deal with challenging behaviours. It's how I was taught as a #learningdisability nurse".]]></document>
		<document><![CDATA[@gloed_up @azumahcarol right sorry.]]></document>
		<document><![CDATA[@gloed_up @azumahcarol I do not condone violence, however, in some cases we have a write to defend ourselves. Even if it means kicking ass 😊]]></document>
		<document><![CDATA[Enjoyed ranting on twitter. Now time for some Uni work.]]></document>
		<document><![CDATA[#ShitCripsHear" I worked in an residential institution for 15 yrs ago as a nurse. We looked after more than 30 dp. I am very qualified".]]></document>
		<document><![CDATA[@MikScarlet This is certainly true.]]></document>
		<document><![CDATA[@MelHibbertBown1 more cuts is not the answer. All it will do is have more of a negative impact on service users. What part don't you get?]]></document>
		<document><![CDATA[The NHS has been in crisis since the day I was born. It's not a new concern. NHS management waste money in all the wrong areas.....]]></document>
		<document><![CDATA[@MikScarlet I often have to ask lecturer if I am on the correct course 😞]]></document>
		<document><![CDATA[@MrsNickyClark thank you for connecting with me.]]></document>
		<document><![CDATA[Police says to DJ in Bentley: "Black guys driving here while dressed in gangsta clothes are getting stopped" #Racism https://t.co/G2xRbYYEb4]]></document>
		<document><![CDATA["I really want a job helping the disabled people. I understand they need a lot of help going to the day centre".]]></document>
		<document><![CDATA[#ShitCripsHear "Your not a disabled person. Stop wishing bad things on your self. Your such a hypochondriac".]]></document>
		<document><![CDATA[#ShitCripsHear" We don't hand out lecture notes before the lectures. You can have it after".]]></document>
		<document><![CDATA[#shitcripshear "I am a learning disability nurse. From my experience......... ".]]></document>
		<document><![CDATA[#shitcripshear "I speak with lots of people with disabilities. They say their disability is the problem not our service".]]></document>
		<document><![CDATA[#shitcripshear "oh your a disabled person. You don't look it".]]></document>
		<document><![CDATA[#ShitCripsHear "In our Uni, students with a LD are included. They have a well tailored program in their own area. It's great stuff".]]></document>
		<document><![CDATA[#ShitCripsHear "My sister lives in a lovely institution. It's really good for her".]]></document>
		<document><![CDATA[#shitcripshear
Me: "Will our course be exploring disability &amp; race?" 
Uni lecturer: "I am confused, this is a disability studies course".]]></document>
		<document><![CDATA[#shitcripshear My #disabilitystudies course induction. I identified as a dp. Course coordinator:"Oh so you can not work. What a shame".]]></document>
		<document><![CDATA[#shitcripshear 
University Staff: "But what does Race have to do with DISABILITY?".]]></document>
		<document><![CDATA[#shitcripshear Uni staff: "the course is set out in this way for a reason. No other students have ever said there's an issue. Only you.".]]></document>
		<document><![CDATA[#ShitCripsHear]]></document>
		<document><![CDATA[#ShitCripsHear 
family member: "Why don't you just listen to what the doctor has to say. They do know better. Your not the expert".]]></document>
		<document><![CDATA[#ShitCripsHear "Oh no we couldn't make changes like that. It wouldn't be fair on the other students".]]></document>
		<document><![CDATA[#ShitCripsHear It's good we are sharing comments of our lives experiences. It just goes to show what we experience on a day to day basis.]]></document>
		<document><![CDATA[#ShitCripsHear "I am telling you you need help".]]></document>
		<document><![CDATA[#ShitCripsHear "This is a disability service, oh no of course we don't deal with race, gender &amp; disability issues. Try outside of the Uni"]]></document>
		<document><![CDATA[#ShitCripsHear "Do you know their house is built on an old burial site. That's why their child is handicapped, there's omens on that site".]]></document>
		<document><![CDATA[#ShitCripsHear "Oh so you and your child have difficulties. Can I ask is your grandchild ok or not?".]]></document>
		<document><![CDATA[#ShitCripsHear Your shopping  &amp; someone approaches you and says: "My auntie son is mental handicapped. Not sure what's wrong with him".]]></document>
		<document><![CDATA[#ShitCripsHear "You should access the University's counselling service, they can help you complete your degree".]]></document>
		<document><![CDATA[#ShitCripsHear 
Me: "I'm a postgrad student &amp; disabled person".  

Uni staff: "we are inclusive try accessing our counselling service".]]></document>
		<document><![CDATA[@BlackToLive majority of institutions have their priorities all wrong. They are to concerned with oppressive and racial discrimination.]]></document>
		<document><![CDATA[@BlackToLive it should matter  what someone wears, what their religion is or colour of their skin. What matters is they do a good job......]]></document>
		<document><![CDATA[I am always trying to motivate people but cant find my own motivation. :()]]></document>
		<document><![CDATA[House hunting is stressful.]]></document>
		<document><![CDATA[@NoTweetsByBilal am keen to learn how you respond to them?]]></document>
		<document><![CDATA[@sharonf my mistake it was just the jungle book. X]]></document>
		<document><![CDATA[@sharonf Jungle Book 3 with my daughters. 😀]]></document>
		<document><![CDATA[BBC News - Social mobility promise 'broken' for ethnic minority children https://t.co/8dl0PixfEQ]]></document>
		<document><![CDATA[Homeless in Britain: ‘I graduated with honours – and ended up on the streets’ | Cities | The Guardian
https://t.co/fYgJPzMFRl]]></document>
		<document><![CDATA[It certainly is wrong. I strongly agree @jennifermor https://t.co/uqjny2gKlz]]></document>
		<document><![CDATA[@juliacraven now let's flip this shall we. If it had been a white teenager and a black cop then what? Charges of battery and a life sentence]]></document>
		<document><![CDATA[@juliacraven it's also saying I don't give a dam about your #humanrights being violated.]]></document>
		<document><![CDATA[It's racist abuse like this which makes me annoyed. By not prosecuting it's not only normalising racist behaviours

https://t.co/jrK4wTZ1hH]]></document>
		<document><![CDATA[Sleep what is that when your a postgraduate student. #WideAwake]]></document>
		<document><![CDATA[And so she should be held accountable for her actions. 

https://t.co/5ILK4ybTjG]]></document>
		<document><![CDATA[People are still outraged over Trump's attitude towards black people but have little concern for the widespread Institutional #racism??]]></document>
		<document><![CDATA[Sometimes after a busy week it's nice to watch a film &amp; eat popcorn. Feeling relaxed.]]></document>
		<document><![CDATA[Reading for pleasure today. I'll start with #BellHooks '#Teaching to Transgress #Education as the Practice of Freedom'. #empowerment #WoC]]></document>
		<document><![CDATA[When its so cold outside and you don't have to go out. I am secretly smiling.]]></document>
		<document><![CDATA[Where are the black dolls in High Street stores?  https://t.co/DG95SNw4EG]]></document>
		<document><![CDATA[Interesting. https://t.co/9xNgfUI2dY]]></document>
		<document><![CDATA[Cuts put people at risk. 

£4million learning disability cuts 'could hit most vulnerable in Gloucestershire'.  https://t.co/kiBdpNoHOI]]></document>
		<document><![CDATA[@ALLFIEUK @38_degrees Thank you for sharing this.]]></document>
		<document><![CDATA[I feel confident in saying MJ wouldn't have chosen this guy to represent him. https://t.co/xx8i1gC3c2]]></document>
		<document><![CDATA[Trump continues to deny allegations made against him. Look what happened when people turned a blind eye to Jimmy Savile. #BringTrumpDown]]></document>
		<document><![CDATA['Black students often bring this positive sense of challenge, of rigorous inquiry to feminist studies' Bell Hooks.]]></document>
		<document><![CDATA[@Keah_Maria @queenelisar It certainly is sad. Maybe no one told her about "the darker the berry the sweeter the juice".]]></document>
		<document><![CDATA[@ShaunKing @BraddJaffy he should be held accountable for his actions. What he did was unacceptable.]]></document>
		<document><![CDATA[@AlanRoulstone lately I tend to turn the TV off when she's on. I find that news reporter interviewing her have more knowledge then her.]]></document>
		<document><![CDATA[@Muna_Abdi_Phd thank you for posting this. Such motivational words when we are all trying to create diversity in systems which are resistant]]></document>
		<document><![CDATA[Well done to #MerylStreep Streep. I call her actions courageous.  https://t.co/PiSBEH2RPe]]></document>
		<document><![CDATA[@BlackFeministMB thank you for connecting with me.]]></document>
	</documents>
</author>