<author lang="en">
	<documents>
		<document><![CDATA[@CharlieDaniels As I sit in this uniform and in this car, I can tell you that all prayers, positive thoughts are needed and appreciated!]]></document>
		<document><![CDATA[@KimberlyWDBJ Good morning young lady I hope you have a good day. ☺️]]></document>
		<document><![CDATA[@SheriffClarke Sheriff, sir, if I mail a copy of this to you will you please consider signing it for me, please?… https://t.co/k1kEKvYG3k]]></document>
		<document><![CDATA[Please support my GoFundMe campaign: https://t.co/VPtBZrfTou @gofundme Please RT to help spread the word https://t.co/AtPzM65LVs]]></document>
		<document><![CDATA[Please support my GoFundMe campaign: https://t.co/VPtBZrfTou @gofundme if every follower would give 5.00 https://t.co/3vPuFOx3qN]]></document>
		<document><![CDATA[Please support my GoFundMe campaign: https://t.co/VPtBZrfTou @gofundme Grave stone was a little more Than expected https://t.co/veWM2sYQWt]]></document>
		<document><![CDATA[Please support my GoFundMe campaign: https://t.co/VPtBZrfTou @gofundme About 100.00 short for the stone. https://t.co/FQ9yhcpzQd]]></document>
		<document><![CDATA[@ErikAinge3 Any chance you will please, pretty please sign a helmet for me and the photo I have of you and I together? Please!]]></document>
		<document><![CDATA[@FansAuthentic Please try and bring back Marino and Manning to Chicago in March! I need a Pitt signed helmet and a UT signed helmet!]]></document>
		<document><![CDATA[@KimberlyWDBJ Oh goodness please don't get me started on this picture! 😍😍😍😍😍😍😍 Its very good, very pretty. Have a good day Monday! 😍]]></document>
		<document><![CDATA[@FansAuthentic Any chance of Peyton Manning being in Chicago in March? I need a UT helmet signed! Fingers crossed!]]></document>
		<document><![CDATA[@ClintHill_SS @SecretService Mr. Hill, I bet it has been a chaotic and challenging day for the agents. Thanks to ALL law enforcement today!]]></document>
		<document><![CDATA[@KimberlyWDBJ What a beauty!! 😍 The VP needs to have those eyes cut over toward the lady in red! 😍]]></document>
		<document><![CDATA[@HTC_LaurenCh My goodness...😍 that's one hot gal on the far right!!]]></document>
		<document><![CDATA[@Candace_Parker Awesome to see you interacting so much with fans. I wish i wasn't about 10 sections away!#ladyvols]]></document>
		<document><![CDATA[@CarrollsCove I e-mailed a couple of days ago about an order status but haven't heard back. You may not have seen the message...]]></document>
		<document><![CDATA[@brit2525 If you was possibly going to be at the game is there any chance at all I could please please get my picture made with you?]]></document>
		<document><![CDATA[@brit2525 By chance will you be at the Lady Vols game Monday against ND?]]></document>
		<document><![CDATA[@DistrictDugout I hope he has another MVP season! And how about a HUGE ring on his finger that says WS Champions!]]></document>
		<document><![CDATA[@JackDaniels_US Incredibly sad that you took the FREE tour and made it 14.00 per person...Wow! How and why did that have to happen? 14???]]></document>
		<document><![CDATA[Please support my GoFundMe campaign: https://t.co/VPtBZrfTou @gofundme Just asking for a little more help please. https://t.co/hwQGxzl33N]]></document>
		<document><![CDATA[@HTC_MorganOd @TexansCheer @HTC_Speaker I would love, love, love to have that autographed and signed to "Jason" ❤️❤️❤️❤️❤️]]></document>
		<document><![CDATA[@GEICO_Service Thank you. Once I got an actual person he was very friendly and helpful. Just took forever to get a human to talk to.]]></document>
		<document><![CDATA[@GEICO Seriously, when one need emergency roadside assistance they don't want to push buttons. Why can't a person just answer! #terrible]]></document>
		<document><![CDATA[@alisonlgoss And the funeral was very very basic and was almost 13,000 so 23,000 in just a matter of months was a lot.]]></document>
		<document><![CDATA[@alisonlgoss And that is a GREAT name! Even though you go by Goss now!]]></document>
		<document><![CDATA[@alisonlgoss That's where my mom was for 2 months a nursing/rehab place and it was 5,000 a month pre pay at the begining of each month 😭]]></document>
		<document><![CDATA[@alisonlgoss You are as sweet as you are beautiful! Thank you very very very much! Many kisses on your cheek!]]></document>
		<document><![CDATA[Please retweet my GoFundMe page to get the word out that I need a little more help if anyone can please.]]></document>
		<document><![CDATA[Please support my GoFundMe campaign: https://t.co/VPtBZrfTou @gofundme I'm only 15 dollars from my goal please help https://t.co/8Cvkz1lLae]]></document>
		<document><![CDATA[If half of my friends on here would donate 5.00 it would be wonderful and a lot of money to go toward her mortgage and funeral costs. PLEASE]]></document>
		<document><![CDATA[I've had 1 Twitter friend @DuncanFrazier3 donate to my @gofundme account for payment of her bills after passing away. Please help me out.]]></document>
		<document><![CDATA[Please consider giving 5-10-15-20 dollars or anything you can. I don't want to sound like I am begging but I need h… https://t.co/y3obyCUnOW]]></document>
		<document><![CDATA[@PeanutsPen Thank you!!!! I am forever grateful for your wishes and thoughts.]]></document>
		<document><![CDATA[@PeanutsPen Thank you so much for RT I appreciate all the RT's I can possibly get. Thank you!!]]></document>
		<document><![CDATA[Please support my GoFundMe campaign: https://t.co/VPtBZrxug2 @gofundme https://t.co/DM078xo8SN]]></document>
		<document><![CDATA[If anyone can make small donations to my Go Fund Me account to help raise about 200.00 for a flat grave marker for My mother. Please RT]]></document>
		<document><![CDATA[Please support my GoFundMe campaign: https://t.co/VPtBZrfTou @gofundme Shooting for 200 more for a grave marker. https://t.co/LJmZvyxiqu]]></document>
		<document><![CDATA[How about them Vols! Go big Orange! @josh_dobbs1 #VFL]]></document>
		<document><![CDATA[@HTC_OliviaW OMG are you in or going to Nashville?]]></document>
		<document><![CDATA[@KJorud You're welcome young lady. Happy New Year!]]></document>
		<document><![CDATA[@KJorud You have an amazing smile, very very pretty]]></document>
		<document><![CDATA[@alisonlgoss Thank you very much beautiful I truly appreciate you so much.]]></document>
		<document><![CDATA[Please support my GoFundMe campaign: https://t.co/VPtBZrfTou @gofundme I am 15.00 away from my goal...please help me https://t.co/BqE5ROFEhl]]></document>
		<document><![CDATA[Please support my GoFundMe campaign: https://t.co/VPtBZrfTou @gofundme https://t.co/gI9Cj83DzJ]]></document>
		<document><![CDATA[@DuncanFrazier3 Thank you, thank you, thank you, thank you for the donation to my Go Fund Me account for my mother! Thank you so much!!!]]></document>
		<document><![CDATA[Just a small donation of 10.00 truly helps so very much. Please donate if you can so we don't lose her house she loved dearly. Thank you!]]></document>
		<document><![CDATA[@gofundme Please donate 10.00 it will add up quickly and I can get these outstanding bills paid down and off. Please try to help]]></document>
		<document><![CDATA[Please support my GoFundMe campaign: https://t.co/VPtBZrfTou @gofundme https://t.co/vQLBeddTrN]]></document>
		<document><![CDATA[Please consider donating to or at least sharing my Go Fund Me page to help pay my deceased mothers outstanding bills. I'd be very grateful.]]></document>
		<document><![CDATA[May I please ask anyone who can to read my @gofundme page and please try to donate even if it's a couple of dollars. Please RT to help]]></document>
		<document><![CDATA[I'm raising money for Rockwood Water &amp; Gas bill debt. Click to Donate:  https://t.co/aWWQgoo1Mc via @gofundme]]></document>
		<document><![CDATA[@CharlieDaniels Thank you very much for always being supportive of police and law enforcement I assure you we greatly appreciate it so much]]></document>
		<document><![CDATA[@KimberlyWDBJ Welcome back I hope you have a good day.]]></document>
		<document><![CDATA[@DonnaMarie1217 Absolutely. That is 100 percent true!]]></document>
		<document><![CDATA[@FitermanSports Making my new man cave...look at my wall I have behind my new recliner. Bought all 11 from you guys… https://t.co/vOqusE3hDG]]></document>
		<document><![CDATA[@KimberlyWDBJ Are you kidding me? He likes the Dolphins? I've been a Fins fan since my 8th birthday over 31 years ago!]]></document>
		<document><![CDATA[@KimberlyWDBJ An incredibly Merry  Christmas to you and your family. I sure hope Santa is good to each one of you. 🎅🏻🎄 Have a great day!]]></document>
		<document><![CDATA[@KimberlyWDBJ 😍 Whoa!]]></document>
		<document><![CDATA[@RikiKnox Very, very impressive...]]></document>
		<document><![CDATA[@FitermanSports I am incredibly, incredibly impressed with your items and shipping speed! I have 11 Tyson 16x20's and now a belt! #awesome]]></document>
		<document><![CDATA[Get well soon #CarrieFisher]]></document>
		<document><![CDATA[@MeLlamoTrevor Should I win the glove I will auction it off and give ALL proceeds to East Tennessee Children's Hospital.]]></document>
		<document><![CDATA[@KimberlyWDBJ Good morning it's almost Friday! Have a good day. ☺️]]></document>
		<document><![CDATA[@DuncanFrazier3 I have a hand held radar gun that looks similar to one...]]></document>
		<document><![CDATA[@JackDaniels_US Do tours go on as planned in rain?]]></document>
		<document><![CDATA[@HTC_LaurenCh @HTC_Speaker @TexansCheer My future wife!! 😍😍😍]]></document>
		<document><![CDATA[What is it about a speed limit sign or stop sign that makes people not pay attention? 🤔👮🏻🚓]]></document>
		<document><![CDATA[@GoVolsXtra @josh_dobbs1 This world for sure needs more people like Josh. Absolutely a 1st class man! Thanks for ALL you do!]]></document>
		<document><![CDATA[@KimberlyWDBJ I wasn't sure what to call it. 🙈 How was the parade? Did you see Santa?]]></document>
		<document><![CDATA[@KimberlyWDBJ I really like the wrap (or whatever it's called) did you make it or buy it? I'm thinking maybe my wife would like one...🌲🎁]]></document>
		<document><![CDATA[@ShannonOBTV Stay warm! Don't turn into an icicle!]]></document>
		<document><![CDATA[I picked up this #awesome #autographed photo at @cootersplace #Nashville for only 9.99 @VIATORASSOCIATE I love it… https://t.co/sg9uBuwh8e]]></document>
		<document><![CDATA[@MLB Going to be tough seeing him in a different uniform than a #Nationals he was a great guy to fans and a big part of the Nats]]></document>
		<document><![CDATA[@blondemomblog @Cheekwood Thank you very much! I appreciate it!]]></document>
		<document><![CDATA[@blondemomblog @Cheekwood Jamie, I am considering going to #Cheekwood tomorrow night do you recommend I do? I have never been!]]></document>
		<document><![CDATA[@MDOTADAMS20 Awesome inspirational story about you sir. Keep up the great, hard work. I to lost my mother to cancer October 25 😭 #respect]]></document>
		<document><![CDATA[@HTC_OliviaW @TexansCheer @HTC_Speaker You are so sweet and beautiful!]]></document>
		<document><![CDATA[@KimberlyWDBJ Happy Monday! Have a great day!]]></document>
		<document><![CDATA[@VIATORASSOCIATE Hi Ms. Alma how are you? It's very nice to talk to you. I hope you have a good day!]]></document>
		<document><![CDATA[@cootersplace Saturday in Nashville was perfect meeting "Luke" He was so friendly and nice and outgoing and your staff there was perfect!]]></document>
		<document><![CDATA[@cootersplace I saw her in the restaurant next door she is beeeeeeutiful! 😍]]></document>
		<document><![CDATA[@KimberlyWDBJ You look absolutely amazing and stunning...Wow! You are always, always so pretty! #KnockOut]]></document>
		<document><![CDATA[@KimberlyWDBJ Happy Friday! Have a great day!]]></document>
		<document><![CDATA[@ClintHill_SS Mr. Hill are you personalizing autographed books bought from Book Passage? Thank you for your time sir.]]></document>
		<document><![CDATA[@HTC_MorganS @TexansCheer @HTC_Speaker You are absolutely stunning! So very pretty!]]></document>
		<document><![CDATA[@DistrictDugout Thank you very much I do appreciate the info! Go Nationals!]]></document>
		<document><![CDATA[@DistrictDugout Any clue on who might go to Pittsburgh?]]></document>
		<document><![CDATA[@BlueWalkPoconos @BFTFAurora Rest In Peace warrior we have the watch from here. In valor there is hope!]]></document>
		<document><![CDATA[@JakeLong77 @JackieLLong It's the most wonderful time of the year!]]></document>
		<document><![CDATA[@josh_dobbs1 You are such an amazing young man, a class act and an incredibly huge role model for everyone! I just want to say thank you!]]></document>
		<document><![CDATA[@BiltmoreEstate That excludes me. 👮🏻 but thank you for the reply I appreciate it!]]></document>
		<document><![CDATA[@BiltmoreEstate By chance, would you happen to give any discount for admission to active duty law enforcement? 👮🏻]]></document>
		<document><![CDATA[@KimberlyWDBJ Happy Wednesday young lady, have a great day!]]></document>
		<document><![CDATA[@josh_dobbs1 Just wanted to stop by and check on you my friend. You doing ok?]]></document>
		<document><![CDATA[@JodiRamz you're welcome. Please take care and stay safe.]]></document>
		<document><![CDATA[@DuncanFrazier3 Very best of luck you got this!]]></document>
		<document><![CDATA[@JodiRamz I wanted to check on you and your family. Are you ok, do you need anything? I'm an hour away if you need something.]]></document>
		<document><![CDATA[@KimberlyWDBJ I hope you have a good day tomorrow. #Monday #besafe #behappy]]></document>
		<document><![CDATA[@ACookseyMusic Collecting money for less fortunate children Christmas presents...]]></document>
	</documents>
</author>