<author lang="en">
	<documents>
		<document><![CDATA[ABA ethics opinion offers guidance on safeguarding fees to be shared with lawyers at other law firms https://t.co/wCH6E6tSs0]]></document>
		<document><![CDATA[Law school wisdom: 10 chapters from 10 diverse books (Part 3 of 3) - LexTalk https://t.co/wOI1DEeVvo]]></document>
		<document><![CDATA[Lawyers Should Take Notes by Hand https://t.co/DUBAZyGS1N]]></document>
		<document><![CDATA[Ethical Issues for Small Firms: Complimentary Webinar – January 25th  https://t.co/itzguKsmu4  https://t.co/2rWJxRL3Re]]></document>
		<document><![CDATA[Children’s Privacy Online: A Protection Guide https://t.co/uT1I3DLauZ https://t.co/rEQhpnxKdu]]></document>
		<document><![CDATA[No-No's of Lawyering: 2016's Worst Cases [free reg req’d] https://t.co/sf9cd2qSgz https://t.co/EgqBwUtioU]]></document>
		<document><![CDATA[Technology &amp; Law: Bring yourself up to speed on legal tech with these articles &amp; insights https://t.co/D1UfOmlalm https://t.co/wL4x9gpJlG]]></document>
		<document><![CDATA[Secret to Success: New Lawyer's Improvement Guide https://t.co/kdGCPJkUAT https://t.co/9FQLqcdgIs]]></document>
		<document><![CDATA[Donuts &amp; legal marketing: Is there an ethical hole in morning pastries? https://t.co/IWg4JruwbV  https://t.co/xSIG2mLpCS]]></document>
		<document><![CDATA[Put your best face forward: 9 LinkedIn profile photo pitfalls - LexTalk https://t.co/07PZxiixRW]]></document>
		<document><![CDATA[Top 10 Bizarre or Frivolous Lawsuits - Listverse https://t.co/Qya1d3pYwE]]></document>
		<document><![CDATA[Want Your Marijuana Startup to Succeed? Study Patent Law | WIRED https://t.co/JduvcpvtM8]]></document>
		<document><![CDATA[Cybersecurity 2017 - The Year in Preview: Energy and Security | Energy &amp; Cleantech Counsel https://t.co/IDD3dEzVsN]]></document>
		<document><![CDATA[How Mastering Yoga’s Mindfulness Has Made Us Better Personal Injury Lawyers | https://t.co/sUOiRkew4N]]></document>
		<document><![CDATA[A 2-Step Process for Balancing a Heavy Workload and Your (Frustrated) Partner https://t.co/mqGlRYhCbS]]></document>
		<document><![CDATA[Students file $5 million class action against Charlotte School of Law https://t.co/FsXAXjSmsc]]></document>
		<document><![CDATA[Scrapping your new year’s resolution(s) may cost you, but how much? - LexTalk https://t.co/dfgg4ZCvrS]]></document>
		<document><![CDATA[Legal Insights &amp; Trends | LexisNexis https://t.co/xWqJN6GrqQ]]></document>
		<document><![CDATA[Why Are So Many Law Firms Trapped in 1995? - The Atlantic https://t.co/nYgp8zNhEd]]></document>
		<document><![CDATA[Social Media &amp; Politics in 2017: 3 Expectations https://t.co/temkxC56hj https://t.co/l1yjL4z3tq]]></document>
		<document><![CDATA[University of POTUS: Presidential alma maters &amp; 12 who never earned a degree [infographic] https://t.co/oxrei3zYTe https://t.co/KTaHH2W2Hc]]></document>
		<document><![CDATA[Facebook &amp; Free Speech: Public Employee’s Rights Addressed by 4th Cir. https://t.co/1iLScM2JPn  https://t.co/HYWVVwOFjb]]></document>
		<document><![CDATA[Structuring Purchase Price Provisions with Lexis Practice Advisor®: Webinar / January 24th https://t.co/273EajvZ8n https://t.co/x2i4gaLOid]]></document>
		<document><![CDATA[What Will Trump Presidency Mean for Nation’s Voting Laws? https://t.co/XA4H9fqj4g https://t.co/t51T8sZ0Xm]]></document>
		<document><![CDATA[Cybersecurity &amp; Federal Enforcement: A 2017 Preview https://t.co/N3OMq8AEMe  https://t.co/z5nVYqU6rp]]></document>
		<document><![CDATA[Instagram’s Terms of Service (17 pages/5000 words) Gets Child-Friendly Makeover https://t.co/WtzEfuYilP  https://t.co/JEbcOZ317V]]></document>
		<document><![CDATA[How to Design a Better Legal Experience | Typeform blog https://t.co/QOQabk5wEw]]></document>
		<document><![CDATA[Delaware's Court of Chancery - The Atlantic https://t.co/PqCvBKlAc4]]></document>
		<document><![CDATA[The Case for Strategic Social Media in Law Firms | The National Law Review https://t.co/YLMYbhGPHJ]]></document>
		<document><![CDATA[How an Old Hacking Law Hampers the Fight Against Online Discrimination - The New Yorker https://t.co/uTjZihEcOq]]></document>
		<document><![CDATA[These 5 Sci-Fi Characters Will Make You a Better Leader - Creator by WeWork https://t.co/jfyPkbLDrD]]></document>
		<document><![CDATA[A US law meant to safeguard religious minorities abroad now covers atheists, too https://t.co/G5zELsRRLF]]></document>
		<document><![CDATA[Florida’s ‘stand your ground’ law increased homicides by 31 percent — and now they want to expand it https://t.co/uj6dhiJHww]]></document>
		<document><![CDATA[The Difference Between Being a Failure and Failing | https://t.co/AvyJKzfB5x https://t.co/IpRljeJYmG]]></document>
		<document><![CDATA[Six Predictions For The Marijuana Industry In 2017 https://t.co/Btbs6BH01s]]></document>
		<document><![CDATA[Legal Insights &amp; Trends | LexisNexis https://t.co/e51Z0LOnTI]]></document>
		<document><![CDATA[Which movies should you watch for a good lesson on lawyering?  https://t.co/ortgWGlv94  https://t.co/uZIMCCq3yI]]></document>
		<document><![CDATA[Conversation killers: 9 phrases to ax from your opening   https://t.co/oJjSh8S9d8  https://t.co/AJAHUaVuBc]]></document>
		<document><![CDATA[28 Plants Perfectly Suited for Law Offices  https://t.co/A1eFL8dZ7c https://t.co/XE2mNT0miJ]]></document>
		<document><![CDATA[Boost your confidence: 5 ways https://t.co/aoObrkBFtw  | 6 acts https://t.co/kMI88A2cl6  https://t.co/WdL71MOuUa]]></document>
		<document><![CDATA[Ethical Issues for Small Firms: Complimentary Webinar – January 25th  https://t.co/pladVHKJxb  https://t.co/jxY2bBC4jz]]></document>
		<document><![CDATA[Trump Policies: Handful of Democrat-Led States to Oppose Them [map] https://t.co/Q44vn6wHiT  https://t.co/LErazxPZfL]]></document>
		<document><![CDATA[Law School Pyramid of Success: If Coach Wooden Had Been a Lawyer .... https://t.co/PRMm6dRtyv https://t.co/2araQO3Uh2]]></document>
		<document><![CDATA[The New President: Before the inauguration, read about Trump's presidency &amp; other POTUS info https://t.co/6aI3vv1hwD https://t.co/JWFTjeBm7R]]></document>
		<document><![CDATA[Your presidential leadership style: Are you Washington, Lincoln, FDR or Jefferson? https://t.co/LGN1qaBjFW https://t.co/AadmbHGGHT]]></document>
		<document><![CDATA[Trademarks in 2017: 10 New Year’s Resolutions for the Lanham Act https://t.co/JaIuZYWXIz  https://t.co/MYmUQ83OhF]]></document>
		<document><![CDATA[You Want a Corporate Law Job ... 4 Signs You're at the Right Law School https://t.co/diL9qHJOzD  https://t.co/yE9GzW45Cv]]></document>
		<document><![CDATA[How to Write for the Non-Legal Mind https://t.co/ADUpZZQqMW]]></document>
		<document><![CDATA[10 Steps To Writing a Great Law School Final Paper https://t.co/Exs1T68kJH]]></document>
		<document><![CDATA[How a lawyer devoted to clear writing can make a difference https://t.co/kI2XfMc3Xi]]></document>
		<document><![CDATA[Legal Writing Tips for Attorneys to Attract Clients https://t.co/wnNto7dRAR]]></document>
		<document><![CDATA[Make New Year's Resolutions That Count! - LexTalk https://t.co/T02t2p4p2N]]></document>
		<document><![CDATA[Cultivate Productive Enthusiasm In Yourself And With Others https://t.co/aNIjkd5VnY]]></document>
		<document><![CDATA[Top 10 Healthiest New Year's Resolutions - LexTalk https://t.co/A9kt4vJ95Y]]></document>
		<document><![CDATA[12 Best Dog Breeds for the Busy Attorney - LexTalk https://t.co/NCmBRRlug6]]></document>
		<document><![CDATA[Advice For New Law Firm Associates: Don't Stay on Auto-Pilot - ABA Legal Career Central https://t.co/M1nUsokyFN]]></document>
		<document><![CDATA[This law could make bullying a felony in Missouri | Fusion https://t.co/ptrmRg0LEq]]></document>
		<document><![CDATA[Resume Tips: What Critical Information is Missing from Your Legal Resume? – Bryce Legal – Career Advice for Lawyers https://t.co/7uCZUmBOBe]]></document>
		<document><![CDATA[How the criminalization of HIV is more dangerous than the virus itself - The Frisky https://t.co/eK7KwLqE4K]]></document>
		<document><![CDATA[Trump Presidency Will Challenge States On Many Issues https://t.co/T1MAU91SdQ https://t.co/1LDgZz8l2v]]></document>
		<document><![CDATA[Job seekers: Writing an artful thank-you note - Your guidelines https://t.co/QrrAiTy3lg https://t.co/HKmPZCNIrt]]></document>
		<document><![CDATA[Structuring Purchase Price Provisions with Lexis Practice Advisor®: Webinar / January 24th https://t.co/7mc6NjKGVY https://t.co/jTHxKKQdxj]]></document>
		<document><![CDATA[Breaking Down Justice Robert Jackson's Powerful Writing https://t.co/tmnnk8BbjZ https://t.co/Ntrd4R1VZx]]></document>
		<document><![CDATA[Striking “non-lawyer” from the legal lexicon: Time to debunk this erroneous word https://t.co/txlczaw90d https://t.co/e1z7zltcnJ]]></document>
		<document><![CDATA[In 34 words, a powerful writing tip from Joseph Pulitzer https://t.co/Kg20ooZwwB  https://t.co/ayCXxK8NJi]]></document>
		<document><![CDATA[Who inherits a selfie? States seek to fill privacy law gaps - CBS News https://t.co/7jzYi2hqN3]]></document>
		<document><![CDATA[UK 'Turing Law' will posthumously pardon convicted gay men https://t.co/7ycPJ8wZ2u]]></document>
		<document><![CDATA[Abundant Success as a Lawyer: 5 Tricks of the Trade  https://t.co/d3xn8AZzOD https://t.co/uBZxq8xjsG]]></document>
		<document><![CDATA[Dressing Your Clients for Success: What to Wear in Court [infographic] https://t.co/1EtQf6Dd1M https://t.co/KeVTj0GB8k]]></document>
		<document><![CDATA[Battling Trump's Agenda: California Gearing Up https://t.co/3K7RiPbRwm  https://t.co/HDxtXO8eLZ]]></document>
		<document><![CDATA[Top 25 Legal Products of 2016: LexisNexis MedMal Navigator makes the list https://t.co/o34e8xTScx  https://t.co/87wTvUMfqs]]></document>
		<document><![CDATA[Your Duty of Confidentiality When Withdrawing Because of Non-Payment https://t.co/liCl5T8xXG https://t.co/5lK0U0WKcf]]></document>
		<document><![CDATA[Solo Lawyers: 5 Things Never to Take for Granted https://t.co/348negRwC4 https://t.co/slMjlfLOCD]]></document>
		<document><![CDATA[The New President: Before the inauguration, read about Trump's presidency &amp; other POTUS info https://t.co/mk6jOqJONq https://t.co/f0X8zVnz2i]]></document>
		<document><![CDATA[Practicing great law in 2017: Your path to principled lawyering https://t.co/jPqBbdnehc https://t.co/Xs3zUcm5Hp]]></document>
		<document><![CDATA[The best law firms for work/life balance - Legal Cheek https://t.co/KLlBcxSXsr]]></document>
		<document><![CDATA[The Value of KPIs in the Legal Department | Business of Law Blog https://t.co/SyOa7aOeRs]]></document>
		<document><![CDATA[Fancy degree? Most Americans say it’s not required to be president | Pew Research Center https://t.co/8seYXgr2Pq]]></document>
		<document><![CDATA[Top Five Sports Law Stories For 2017 - Forbes - Forbes https://t.co/3ENTUs1x13]]></document>
		<document><![CDATA[How the police can detect a group of liars | ScienceNordic https://t.co/CsN1sKIScA]]></document>
		<document><![CDATA[How I Got My First Client and You Can Too https://t.co/SRtDEhpe8K]]></document>
		<document><![CDATA[Small Business Ideas and Resources for Entrepreneurs https://t.co/N4fivuc6sR]]></document>
		<document><![CDATA[There's No Such Thing as a Compromise in Business - CBS News https://t.co/lsdZE8q8IE]]></document>
		<document><![CDATA[Pinball's Weird Relationship with the Law | LifeZette https://t.co/JKwYixbNKW]]></document>
		<document><![CDATA[8 weird and wild Christmas crimes - NY Daily News https://t.co/xzrA8DJjWh]]></document>
		<document><![CDATA[Just Starting Out in Your Legal Career? 12 Things to Avoid [Infographic] - LexTalk https://t.co/feeY4qPuLq]]></document>
		<document><![CDATA[The Kids Who Lie About Their Age to Join Facebook - The Atlantic https://t.co/u1BGms5Ves]]></document>
		<document><![CDATA[Monster Jobs - Job Search, Career Advice &amp; Hiring Resources | https://t.co/I88i0f5Yuw https://t.co/svHye9GTta]]></document>
		<document><![CDATA[4 Creative Business Insights from Small Law Super Lawyers | Business of Law Blog https://t.co/J7EmXKD1nO]]></document>
		<document><![CDATA[100 years of law at the movies https://t.co/Zwx3bWx3BR]]></document>
		<document><![CDATA[7 best legal posts in 7+ years of LexisNexis social media - LexTalk https://t.co/8ixvIYjcJi]]></document>
		<document><![CDATA[Blogging and social media competence critical for legal academics - Real Lawyers Have Blogs https://t.co/Qyokz29W6d]]></document>
		<document><![CDATA[40 Futurists Offer Advice to Your Child About Future Work : Leading Thought https://t.co/nsDao0DCqW]]></document>
		<document><![CDATA[A Better You: Becoming a Mindful Lawyer - The Docket https://t.co/dIN01CDNNd]]></document>
		<document><![CDATA[How To Think Like A Judge And Be A Better Legal Writer via Law360 - LexTalk https://t.co/y2BkZpfcpF]]></document>
		<document><![CDATA[To be happy lawyers (and human beings), eight rules for law students to live by - Harvard Law Today https://t.co/nPRt77am6R]]></document>
		<document><![CDATA[5 More Time Management Mistakes You May Be Making | Fast Company | Business + Innovation https://t.co/udqnK96sEx]]></document>
		<document><![CDATA[Proxy Season is Coming Soon! Be Ready With This Guide - LexTalk https://t.co/9FxjsHN1gf]]></document>
		<document><![CDATA[Twenty-Six States Have Citywide, Countywide Or Statewide Sanctuary Policies https://t.co/rSQ3xpMrF1]]></document>
		<document><![CDATA[Coming soon: A newly enhanced SEC Filings page | Blogmosaic https://t.co/NyTmqvmVaP]]></document>
	</documents>
</author>