<author lang="en">
	<documents>
		<document><![CDATA[Trump madness, because he promised things to his redneck followers. The future of the world is not safe in the hands of lunatics.]]></document>
		<document><![CDATA[@nzherald Its embarrassing. An empty stadium]]></document>
		<document><![CDATA[@coltheman1 Little has been seen without his glasses. is this the new look for Little?]]></document>
		<document><![CDATA[@2TAPU Has his Twitter account been commandeered, or is it his own words?]]></document>
		<document><![CDATA[@baibi @NZBC88 - when I visited Malbourne way back in1985 I visited these areas and was astonished at what I saw.]]></document>
		<document><![CDATA[@pukeko65 I knew I should have been a vagrant instead of saving, getting a mortgage, family, etc. What a mug I am.]]></document>
		<document><![CDATA[@baibi @NZBC88 There are alot of memorials now to the Chinese Goldminers who mined Victoria. Ballarat, Bendigo. Maybe this was guilt complex]]></document>
		<document><![CDATA[@coltheman1 They're just as confused as each other]]></document>
		<document><![CDATA[@pukeko65 My house needs maintenance. Reckon they'll pay for that?]]></document>
		<document><![CDATA[@pukeko65 Bad of course,and they are going to make it better by giving homes to the homeless. How could you not vote for them.]]></document>
		<document><![CDATA[@aurabogado @LI_politico Sounds a bit 3rd Reichy, doesn't it?]]></document>
		<document><![CDATA[Just got an email from Andy about their Joint Lab/Greens State of the Nation event in AKL, and asking for my support... blah!]]></document>
		<document><![CDATA[@jonobasile @coltheman1 You have got to be kidding. Bunch of hypocrites. Now they want to double the refugee quota. Very confusing policies]]></document>
		<document><![CDATA[@coltheman1 He will if they give him Rongotai. Maybe they won't in case he looses it for them!]]></document>
		<document><![CDATA[@wyoung1409 @coltheman1 @pukeko65 @philquin @IainLG I keep an eye on the fruitloop Greens this way as well.]]></document>
		<document><![CDATA[@prof_erikalee @angryasianman Hes already drawn up the plans with regards to moslems. Too late. Trump has to show his synchophant followers.]]></document>
		<document><![CDATA[@coltheman1 @pukeko65 @philquin @IainLG If I feel like giving them a hard time, I remove their hashtag, then still get to listen in on them]]></document>
		<document><![CDATA[@TVsAndyDaly @dairymanNZ Yes, sychophants will believe he can do anything]]></document>
		<document><![CDATA[@aravosis - you only have to look at Trump's Press Secretary, Sean- whatshis face!]]></document>
		<document><![CDATA[@Anomaly100 If Donald says he wants one, his supporters will be happy to concur. All a bunch of dumb sychophants.]]></document>
		<document><![CDATA[@aravosis John McCain still not one of Trump's cheerleaders. The man's obviously a thinker like the ppl on the other side of the house]]></document>
		<document><![CDATA[@DearAuntCrabby @Michele_Wyatt66 @GOP @politicususa They'r all the same, bloody hypocrites]]></document>
		<document><![CDATA[@maggieNYT @Michele_Wyatt66 Bit late now.]]></document>
		<document><![CDATA[@ajthompson13 Thats what Trump going to do. if his schemes don't work, he'll blame the Jews, Coloured people and blacks]]></document>
		<document><![CDATA[@MatthewHootonNZ The man's a rich idiot playing being President]]></document>
		<document><![CDATA[@ShockupyAmerica @Anomaly100 Not surprised. Hes undoing all their work for the last 8 years]]></document>
		<document><![CDATA[@rnz_news Hit them back hard, they don't buy our produce, Lamb  and beef anyway.]]></document>
		<document><![CDATA[@NewstalkZB @PeterDunneMP Wheres the bow tie?]]></document>
		<document><![CDATA[@coltheman1 They have probably now realised that it was more beneficial to us than the USA.]]></document>
		<document><![CDATA[@coltheman1 Trump loves money first (some of these old blokes s are billionaires), women 2nd.]]></document>
		<document><![CDATA[@rnz_news I have previously called Winston, an Uncle Tom. This is plagiarsm. he always wanted to be pakeha but had to settle on "part".]]></document>
		<document><![CDATA[@AnalCigars @dairymanNZ Was that a photo shop?, wasn't there before and Barack is going inside to drop it off.]]></document>
		<document><![CDATA[all of Trumps followers are Syncophants]]></document>
		<document><![CDATA[@LewisHoldenNZ Proof that the deal was better for NZ, than it was for USA. Thats whyTrump wants to can it. Andy's always been confused.]]></document>
		<document><![CDATA[@aravosis America's worse nightmare is Donald trump]]></document>
		<document><![CDATA[@TheNewThinkerr @LI_politico He has view on women's roles]]></document>
		<document><![CDATA[@LewisHoldenNZ Typical, Winston always wished he was full Pakeha, but had to settle with part!]]></document>
		<document><![CDATA[Teacher shortage in Auckland. Where's Winston. Teachers for NZers, so where are they?]]></document>
		<document><![CDATA[@jonobasile Just like the Boss. Must be indicative of the ppl that are now in power in USA.]]></document>
		<document><![CDATA[Can someone tell me why Labour &amp; Greens are wasting members $$ for upcoming by-election in Akl, when they have an agreement with each other]]></document>
		<document><![CDATA[Paul Eagle Deputy Wlg Mayor eyes Rongotai seat. As long as he does I won't be voting Labour, staying centre right. Great poser.]]></document>
		<document><![CDATA[@amyharvard_ @2TAPU Sooner they start  protesting the better before these nasty folk start taking over and start their lynchings]]></document>
		<document><![CDATA[@Bros4America @2TAPU Let him know how ya all feel]]></document>
		<document><![CDATA[@coltheman1 Make them in the USA and watch the price treble. Will ppl like that?]]></document>
		<document><![CDATA[@nzherald No, not wonderful Auckland NZ. How terrible?]]></document>
		<document><![CDATA[@pukeko65 Remember he got less votes than Hillary.]]></document>
		<document><![CDATA[@Whaleoil Thats what happens when you give someone a free or near enough to free home.]]></document>
		<document><![CDATA[@deaddilf69 @tinopai didn't anyone tell him, thats what a speechwriter is for]]></document>
		<document><![CDATA[@pukeko65 The wind has died down now. Tell the aircraft to come back]]></document>
		<document><![CDATA[@imfabulous13 @Anomaly100 so why did they vote for Trump? I kbow Hillary got more, but the others?]]></document>
		<document><![CDATA[@1NewsNZ Cop car still obliged to check if any traffic coming. Need to see tape if any]]></document>
		<document><![CDATA[@NewstalkZB Agree totally. Chinese tourists are usually blamed even tho only 4% of crashes involving injury or death caused by foereigners.]]></document>
		<document><![CDATA[@historylvrsclub @Michele_Wyatt66 Only in America!]]></document>
		<document><![CDATA[@NZBC88 @nzherald HOw on earth does one die fter swimming in  Council swimming pool? Sad.]]></document>
		<document><![CDATA[@1NewsNZ Is he looking for white ppl only or Maoris to dress up as Orks?]]></document>
		<document><![CDATA[@NewstalkZB I'm glad she said it.Da Chinese tourists are usually to blame even tho o'seas visitors only cause 4% of crashes involving injury]]></document>
		<document><![CDATA[@LI_politico Even the word parasites come to mind.]]></document>
		<document><![CDATA[@LI_politico I would but don't like some of your policies.]]></document>
		<document><![CDATA[@katieabradford Its warm almost hot, but for the wind chill factor, its spoilt. Typical Wlg.]]></document>
		<document><![CDATA[Alan Langdon &amp; daughter Que. He has custody. Sad Now with mother.]]></document>
		<document><![CDATA[@samswey @LI_politico Humanitarium- he is not.]]></document>
		<document><![CDATA[@haaretzcom @LI_politico Go get him. Hopefully he'll be impeached for something early in his first trm. His moronic supporters deluded]]></document>
		<document><![CDATA[@2TAPU Its only a matter of time. Nixon would have been impeached, had it not been for President Gerald Ford, his vice President .]]></document>
		<document><![CDATA[@DavidSlack Its now the reading of the Text messages, and emails]]></document>
		<document><![CDATA[Cheap as chips dinner tonight. 10  mussels cost me $3.00 from Countdown, cooked in the m/wave for 5mins with Potato Salad]]></document>
		<document><![CDATA[@nzherald Didn't anyone tell Trump, the Avengers aren't real?]]></document>
		<document><![CDATA[The Bush sisters have written a letter in @TIME to the Obama girls https://t.co/0Xc5d1WR3T - Nice letter to the Obama girls from Bush Girls]]></document>
		<document><![CDATA[@JudithCollinsMP and the magazine that paid for it of course]]></document>
		<document><![CDATA[@nzherald He can't have been an Asian, otherwise it would been reported as such]]></document>
		<document><![CDATA[@coltheman1 NZs very own Trump!]]></document>
		<document><![CDATA[@coltheman1 He might not make it Hes going into that mine first I hear, trying to get a few more votes. Hes got Bernie Monk's vote now.]]></document>
		<document><![CDATA[@TV3nz Like a swing voter I watch both News Channels and compare. Like your newsreading team tonight. Good one!]]></document>
		<document><![CDATA[@nzherald How much did they pay for this "new art". Replica of an old State 2 story home?]]></document>
		<document><![CDATA[@coltheman1 @Twitter Good on you Twitter. Sock it to him.]]></document>
		<document><![CDATA[Twitter Deletes Donald Trump’s Twitter Account: “We Will Not Tolerate Racism &amp; Hate” https://t.co/oFbeMrasoS via @CNN - Good on you twitter]]></document>
		<document><![CDATA[@nzherald Did she think she was just getting fat or something?]]></document>
		<document><![CDATA[@ajthompson13 @AndrewLittleMP Are the Chinese buying it? If they are expect Winston to say something. Something stupid. He hates Chinese]]></document>
		<document><![CDATA[Just seen some of the TVNZ Breakfast ads on TV. They remind me of a bunch of misfits thrown together @Breakfaston1]]></document>
		<document><![CDATA[@interislander Wheres my daughter?]]></document>
		<document><![CDATA[@interislander Great ad running on TV at present about daughter taking her Dad back to the Pier he started painting years ago.]]></document>
		<document><![CDATA[A little jolt is better than nothing. Things still settling, the plates realigning themselves.]]></document>
		<document><![CDATA[@NZBC88 when NZ'ers kill themselves on the roads, there no mention of ethnicity.When its a  Chinese driver, then all Chinese are labelled .]]></document>
		<document><![CDATA[@NZBC88 alot of white NZers don't believe there is racism in NZ. Ask most coloured folk and its the opposite]]></document>
		<document><![CDATA[@nzherald absolutely,  now that there is no real committment now to stay married. Too easy to say"I don't want to be married anymore"]]></document>
		<document><![CDATA[@NZBC88 @nzherald Its dying, theres the 10s now in Oz, and the League 9s]]></document>
		<document><![CDATA[@NZBC88 crispy pork belly?]]></document>
		<document><![CDATA[@2TAPU Hate it, value my privacy]]></document>
		<document><![CDATA[Another nice Wlg day and I have to work a late shift.....serving the public]]></document>
		<document><![CDATA[@pukeko65 nothing in Wlg City]]></document>
		<document><![CDATA[@pukeko65 what part of NZ are you wobbling in?]]></document>
		<document><![CDATA[@KalebKongable I never stopped using it, but with outlook Live now,their lists function is faulty. When I send to list, has wrong names]]></document>
		<document><![CDATA[@jonobasile because he won by illicit means, and wouldn't want the result changed.]]></document>
		<document><![CDATA[https://t.co/23r947xqSj is shite these days, since they got together with Outlook etc. My mailing list is a joke.]]></document>
		<document><![CDATA[@nzherald Hell hath no fury like a woman scorned perhaps?]]></document>
		<document><![CDATA[@MatthewHootonNZ @NewstalkZB Only young women tourist who are clueless]]></document>
		<document><![CDATA[Melbourne woman filmed hurling racist abuse at Coles staff  - Yahoo New Zealand https://t.co/wfPnBpdber via @YahooNZ - white trash no doubt]]></document>
		<document><![CDATA[@jonobasile Not surprised both of them didn't continue beyond their last Games.]]></document>
		<document><![CDATA[@nzherald Ppl never learn, do they?]]></document>
		<document><![CDATA[@pukeko65 She;s thinking...."1 day...."]]></document>
		<document><![CDATA[Hol road toll 19 dead. R we baming asian drivers or just bad NZ drivers?]]></document>
	</documents>
</author>