<author lang="en">
	<documents>
		<document><![CDATA[@ChrisSmalling what size is it buddy?]]></document>
		<document><![CDATA[@stevewatts the worst is when there's like 10 people in the cinema &amp; empty seats everywhere &amp; some dick asks you to move as your in his seat]]></document>
		<document><![CDATA[Loved #T2trainspotting tonight, I just wanna watch the first one when I get home now]]></document>
		<document><![CDATA[We are the only people in the cinema https://t.co/xSObP7gzlU]]></document>
		<document><![CDATA[And my snacks for the cinema 😍 #dietstartsonamonday https://t.co/wILeEsFqb3]]></document>
		<document><![CDATA[What a day! United win, found out @tomgreenlive is going to be in Glee club in June &amp; I'm going to see T2 tonight! Oh &amp; I'm off work 2moz 😀]]></document>
		<document><![CDATA[@frankturner is in Cardiff on the 3rd July, fancy it @stevewatts ??  #crowdsurfingbrothers]]></document>
		<document><![CDATA[@sideshow_2 and Brighton!!! Might as well follow the checkatrade trophy and allow the u23 teams to play in it]]></document>
		<document><![CDATA[Watching match of the day &amp; can't believe the teams being sent out by the prem teams ( &amp; Newcastle ) Killing the FA Cup playing weak teams 😡]]></document>
		<document><![CDATA[Games night at the Turner household, smashed it and up 3 forfeits from the wife 😀 #winning https://t.co/enzzFrarXc]]></document>
		<document><![CDATA[Great day at Hatton Adventure World, £9 for 2 adults and a child under 2.  Cannot go wrong!!!  The slides were my f… https://t.co/KeaJOGw54A]]></document>
		<document><![CDATA[@RitchieVlogs no problem buddy, someone's got to look after you and your 8 children 😉 x]]></document>
		<document><![CDATA[@stevewatts taking all this stuff we might just!!  We can be like the highlander ⚔️ #therecanbeonlyone https://t.co/lVxf8HqhEy]]></document>
		<document><![CDATA[@RitchieVlogs morning buddy, I think your Facebook may have been hacked https://t.co/zAHPpjclmf]]></document>
		<document><![CDATA[If I don't outlive you @stevewatts I want a refund!! https://t.co/QSrBoA0fLX]]></document>
		<document><![CDATA[I #ScrumTogether with @DoveMen to win #WALvENG RBS 6 Nations tickets. Pick your match by 8pm &amp; you could too https://t.co/yqaS67a4zv]]></document>
		<document><![CDATA[Harry hasn't bought any tea for tonight while out shopping so it's a @mywiwo for us 😍 https://t.co/TqLVuCncf7]]></document>
		<document><![CDATA[Looking through my old holiday pictures.  My favourite comedy club in my favourite City, miss you NYC https://t.co/etLR7r6ZqQ]]></document>
		<document><![CDATA[Loving @edsheeran on the @TheGNShow this week, what a legend "allegedly"]]></document>
		<document><![CDATA[It's that time of year again!!!  @mizza1404 @DonnaSurringer @StephSurringer @Rhys_Surringer #SUPABOWLSUNDAY #PARTY… https://t.co/jWBdB9UzsA]]></document>
		<document><![CDATA[Great day at the park today, little man loving the big slide.  Crazy that I used to play on the same slide 30ish ye… https://t.co/JPkdQ5AG24]]></document>
		<document><![CDATA[Draw!! #JackDeGale great fight!!! https://t.co/DCk4ot9oNK]]></document>
		<document><![CDATA[How did he manage to hold on for the last minute!! #DegaleJack]]></document>
		<document><![CDATA[Tough round for DeGale!!!]]></document>
		<document><![CDATA[Come on @jamesdegale1 massive fight night!!!!  Chunky to take it on points for me #DegaleJack]]></document>
		<document><![CDATA[Some great fights on the Degale undercard!!]]></document>
		<document><![CDATA[@petercrouch and 9 points for my fantasy team 😀 https://t.co/u00PEto5tU]]></document>
		<document><![CDATA[George Michael: The Music Is All That Matters https://t.co/PhNR2lLILV # via @HuffPostUKEnt]]></document>
		<document><![CDATA[@rickastley on @Wahlburgers love it!!!  #rickrolling]]></document>
		<document><![CDATA[@MishkaShubaly if your looking for a Leeds gig then @stevewatts is your man!!!]]></document>
		<document><![CDATA[Amazing burger today @nydcardiff ! Will definitely be back soon to try another one off the menu 🍔🍔🍔 really tasty bu… https://t.co/sOmUPwOHyT]]></document>
		<document><![CDATA[@nydcardiff great stuff, we will see you soon!!  Cannot wait for a burger 🍔😍]]></document>
		<document><![CDATA[@RitchieVlogs cheers buddy, unless they don't have them of course!  If they don't I'll be back to troll you lol x]]></document>
		<document><![CDATA[@RitchieVlogs hey buddy and a happy new year 🎉  did you notice if they have child seats @nydcardiff when you went?]]></document>
		<document><![CDATA[@foolonthornhill cheers buddy I'll give that a try, I will try anything at the moment but I do love garlic 😍]]></document>
		<document><![CDATA[Final push to try and get rid of this flu!!! 🤢 https://t.co/OMNHM7bvKi]]></document>
		<document><![CDATA[Having a very @stevewatts morning, even got coconut oil in my coffee.  Finally feeling human after 3 days in bed https://t.co/GKPUkif5cF]]></document>
		<document><![CDATA[RIP @GeorgeMichael another legend gone 😢]]></document>
		<document><![CDATA[Like father like son #christmas https://t.co/SLecOFS4VQ]]></document>
		<document><![CDATA[Spotted on my drive to get Harry to sleep 😂 https://t.co/Z9yEFbN8Nm]]></document>
		<document><![CDATA[Merry Christmas everybody x]]></document>
		<document><![CDATA[@JimWhite Merry Christmas Jim, I hope you have a great day 🎄🍾 and a happy new year!!!! 🍻]]></document>
		<document><![CDATA[Oreo cheesecake action shots https://t.co/RFlDuW2cpt]]></document>
		<document><![CDATA[Family Christmas meal #hangfiresmokehouse #meat @Steve watts @keithwatts1 https://t.co/mUa2f7l4cZ]]></document>
		<document><![CDATA[@TheAlPorter just watched you on the MM's big show, very funny!! Any plans to tour the U.K or more importantly Cardiff?]]></document>
		<document><![CDATA[Nothing better than a bit of family guy to cheers me up after a day spent on the toilet, my New Years resolution is to not get sick in 2017!]]></document>
		<document><![CDATA[I know what I'm hoping for this Christmas, come on Santa 🎅 work your magic https://t.co/uiscjcXOhP]]></document>
		<document><![CDATA[@stevewatts wait until you come to funtastic, they let go on the soft play with the children!!!  It really is Funtastic 😃]]></document>
		<document><![CDATA[Not even 2 &amp; he's already on the 4 plus slide!!  #prouddad 😍 https://t.co/dZAEmgyabk]]></document>
		<document><![CDATA[Great to see @HenrikhMkh in the United team today!!!!]]></document>
		<document><![CDATA[Baby is with grandma &amp; wine is poured, can only mean 1 thing..date night!  @joshuaradin tonight, cannot wait to hear our wedding song live]]></document>
		<document><![CDATA[School boy error!!!  Booked Joshua Radin tonight when United are playing 🙈 hope the wife appreciate this lol]]></document>
		<document><![CDATA[I know it's Black Friday but burning my bun is taking the piss @McDonalds #imnotlovingit https://t.co/jDGebF7XsU]]></document>
		<document><![CDATA[Heaven right there!!! https://t.co/byJuzwu2Fa]]></document>
		<document><![CDATA[@andy_murray you legend!!!  Absolutely smashed it tonight and this year, congratulations!!! #ATPFinals #WorldNumber1]]></document>
		<document><![CDATA[What a first round!!! #ufc205]]></document>
		<document><![CDATA[Set up nicely, leftover Chinese in the fridge and box of wine in the kitchen. Just need @TheNotoriousMMA to do the… https://t.co/VdWYVM5UxL]]></document>
		<document><![CDATA[@HydePanaser @NathanCaton don't forget the cheese and ketchup bro!!]]></document>
		<document><![CDATA[Waiting for the show to start #StraightOuttaMiddlesex https://t.co/h76NEmHfz4]]></document>
		<document><![CDATA[Me and my mate Ice Cube are looking forward to seeing @NathanCaton 's #StraightOuttaMiddlesex show tonight https://t.co/p6jbCZnTfQ]]></document>
		<document><![CDATA[@MishkaShubaly @JamieDykes5 @jordanbm90 tickets booked! Just need a quart gin &amp; we are on our way #MishkaShubaly… https://t.co/dSdojc9cxO]]></document>
		<document><![CDATA[@MishkaShubaly what if u don't like him but bet on him to win as u have lost faith in humanity &amp;needed some money to go to one of your gigs?]]></document>
		<document><![CDATA[@NathanCaton @TheGleeClub after booking nearly a year ago I cannot wait until tomorrow night!!  #StraightOuttaMiddlesex]]></document>
		<document><![CDATA[Finally got to give my wife the tickets tonight for @joshuaradin just need him to play / dedicate our wedding song… https://t.co/JzXZME3uGw]]></document>
		<document><![CDATA[Sunday morning selfie #DaddyDayCare https://t.co/IDyHgwUdL0]]></document>
		<document><![CDATA[@LJMorgans whenever I see you I see you like this, no matter how old and hairy you get you will always be Lewboy to… https://t.co/zsXT2Mto1s]]></document>
		<document><![CDATA[Painful 1st half to watch, get Mkhitaryan on &amp; tell Zlatan to stay inside the box!!!!  FFS 😡]]></document>
		<document><![CDATA[@JamieDykes5 did you get hold of @jordanbm90 about making our man date a 3 way extravaganza? #MishkaShubaly@Gwdihw16thNovember2016]]></document>
		<document><![CDATA[Getting my @MishkaShubaly on ready for our man date @JamieDykes5 at the @GwdihwCafeBar 16th November isn't it mate?? https://t.co/kGNVF6SKK2]]></document>
		<document><![CDATA[What a save!!!!!  Still can't believe we didn't score on Saturday https://t.co/G0nPjKnh6f]]></document>
		<document><![CDATA[Love @ladygaga &amp; @JKCorden put them both in a car and add some Gaga tunes and I'm in happy #CarpoolKaraoke #GagaCarpool]]></document>
		<document><![CDATA[@joe_jacobson @Hunted_HQ gutted, I'm just watching It now 😢 #SpoilerAlert trying to bet my wife now as to who wins tho 2 win a "forfeit" lol]]></document>
		<document><![CDATA[They don't make movies like they did in the 80's!!  Watching Lethal Weapon atm, absolute classic]]></document>
		<document><![CDATA[Monday night madness @mizza1404 https://t.co/FhXXn2hacX]]></document>
		<document><![CDATA[@TonyBellew calling out @mrdavidhaye would love to see this fight happen, about time Haye fought someone!!!  Come on Dave]]></document>
		<document><![CDATA[@DonnaSurringer if Emma gets in from work early enough we will be there, it's not looking good atm tho 👎 definitely need to catch up soon!!!]]></document>
		<document><![CDATA[@DonnaSurringer happy birthday Sienna, I hope you have a great day!!!  X]]></document>
		<document><![CDATA[I cannot wait for the return of normal football, international football is boring as!!!!]]></document>
		<document><![CDATA[Only 9:48 and my sandwiches are already out 🙈 https://t.co/MXIt2RaM1f]]></document>
		<document><![CDATA[That's my dinner sorted #ChocolateWeekend https://t.co/6SwQAwD8fT]]></document>
		<document><![CDATA[Just booked tickets for @joshuaradin @ the @TramshedCF a surprise for the wife, praying he plays our wedding video song #idratherbewithyou]]></document>
		<document><![CDATA[@JamieDykes5 I hope your not eating any strawberries, you know what the doctor said!!!]]></document>
		<document><![CDATA[@usainbolt @JKCorden and a United fan 😍]]></document>
		<document><![CDATA[Just watching @usainbolt on the @JKCorden show, what a legend 😍]]></document>
		<document><![CDATA[Boxing, MLS then MOTD if I canst at awake, it's been a good night apart from the @ant_crolla fight, gutted for him!!]]></document>
		<document><![CDATA[@FootySuperTips Kell is getting knocked the fuck out!!!  Within 4.5 rounds, that's my supertip]]></document>
		<document><![CDATA[@FootySuperTips just imagine how his dad felt having to bang Judy, more than once 🙈 I'd much prefer to have a go on your acca's lol]]></document>
		<document><![CDATA[Love this gambler, never failed to win on it!! Today didn't disappoint either, £2 up off this bad boy 💷💷💷💷💷🎉🎉🎉🎉 https://t.co/5Mwpn74oIL]]></document>
		<document><![CDATA[Sunday roast https://t.co/xp0bSoiqtw]]></document>
		<document><![CDATA[Sad news about Gene Wilder, love so many of his films!!! Gene Wilder and Richard Pryor were the dreamteam!!! #RIP]]></document>
		<document><![CDATA[Gene Wilder, ‘Willy Wonka’ Star and Comedic Icon, Dies at 83 https://t.co/m74ZminJy8 via @variety]]></document>
		<document><![CDATA[Get in!! Well done @stephen_bear the most entertaining housemate and the funniest by far, he was the only reason I watched #CBB in the end]]></document>
		<document><![CDATA[Come on @stephen_bear you've got this!!! #BearToWin]]></document>
		<document><![CDATA[Would love to lump on @stephen_bear to win #CBB but the fact is that he could be thrown out before the final.  Winner in my eyes all day!!!]]></document>
		<document><![CDATA[No kid, no cats, no wife!!  Just me &amp; my morrisons "salad" 😍 gonna check out Top Boy on Netflix and chill https://t.co/Tv6U3rFEGX]]></document>
		<document><![CDATA[Loving #MOTD &amp; getting to watch United again!!!  Love it @paulpogba https://t.co/jQ17pJBxmp]]></document>
		<document><![CDATA[Wow, what else can you say about  @usainbolt AMAZING!!! He just ripped it up]]></document>
		<document><![CDATA[So excited to see @paulpogba &amp; @Ibra_official playing together tomorrow night!!!  I have a good feeling about this season #firstneverfollows]]></document>
		<document><![CDATA[@dreamteamfc happy days, cheers]]></document>
		<document><![CDATA[Is it to late for my mate to join my mini league? @dreamteamfc]]></document>
	</documents>
</author>