<author lang="en">
	<documents>
		<document><![CDATA[@crikey_news An empty opportunist who like the rest will have NO positive lasting influence. 
She's a bottle of flat lemonade mate. 
#nswpol]]></document>
		<document><![CDATA[@TanelJanPalgi @daveyk317 No he put his (necessary)  money on the winner. 
There was a $1.5M shortfall in the LNP w… https://t.co/quf9EN7vEI]]></document>
		<document><![CDATA[Well well, Mal chips in a mere $1.75M to the Liberal Party. 
Wouldn't happen to have been the 'shortfall' in LNP coffers? #abc730 
#auspol]]></document>
		<document><![CDATA[@MarkDiStef Go ahead an calculate how much this ROT is still costing us ... 
#nswpol 
#timetorevolt]]></document>
		<document><![CDATA[@JohnWren1950 @GChristensenMP Hmm ... can't give those dog whistlers enough airtime can we Sky? 
Piece of s&amp;$t Christensen
#auspol]]></document>
		<document><![CDATA[@MarkDiStef Dumb woman can't even spell ... 
&amp; she sits in our Senate 🙄]]></document>
		<document><![CDATA[America is doing GREAT alright ... now that the village idiot is in charge.
#shocker 
#TRUMP]]></document>
		<document><![CDATA[Not 1 map of where this land is. 
#cashforcomment 
Walker Corp. 

New Sydney land release's 'missing link' https://t.co/wFZnEL6D2k via @smh]]></document>
		<document><![CDATA[@JakeSaulwick 
You think you could have shown one graphic or a bloody map in scale of what the hell your article was about, re:Appin?]]></document>
		<document><![CDATA[An absolute cesspool of CORRUPTION.
Poor Joe,  looks like his 'sand castle' is collapsing.
#nswpol #auspol 
https://t.co/1Aw0DIwKhD via @smh]]></document>
		<document><![CDATA[I see @TurnbullMalcolm has had a new set of false teeth. 
Should make it much easier for him to peddle his lies.
Fa… https://t.co/8DjBKwp0ox]]></document>
		<document><![CDATA[@WorldOfMarkyD @TurnbullMalcolm Government is always 'for sale' to the highest bidder. 
Australian Government,  the… https://t.co/cPw8D7ldA1]]></document>
		<document><![CDATA[Very well written piece.
Australia has retreated into a 'delusionary mental bubble of self-interest'  https://t.co/8PAgmvz2MY via @smh]]></document>
		<document><![CDATA[@TheKouk Yes, we can't get enough of those Chinese 'economic refugees' coming here &amp; 
f&amp;$king our domestic market can we?
#auspol]]></document>
		<document><![CDATA[@LawyerAdamHouda @smh The Devil works in our modern society with impunity. 
Values, morals &amp; respect have gone out the door.]]></document>
		<document><![CDATA[Quite apart from the whistleblower chilling effect, what has the gov done about compliance in #Origin ? https://t.co/NE5qUyxSxO via @smh]]></document>
		<document><![CDATA[When all you've got is pretty, your pretty ugly. 
#life]]></document>
		<document><![CDATA[Our pissweak Federal Court
Aust privacy laws gutted in court on what is 'personal information' https://t.co/a78IlT3o4V via @ConversationEDU]]></document>
		<document><![CDATA[@USRealityCheck @BreitbartNews Now, the suite of the demagogue.
#TrumpPresident]]></document>
		<document><![CDATA[@joshgnosis Bigots, bullies &amp; racists are all emboldened.
Oh yes Brandis : "You have a RIGHT to be a bigot"
New par… https://t.co/3EnIDk2phC]]></document>
		<document><![CDATA[Don Watson just nailed the whole Trump inauguration speech: "The speech of an ignoramus ... dystopian ... divisive ... classically #TRUMP]]></document>
		<document><![CDATA[Australians lose trust in politics, media, business - even NGOs, survey finds.
&amp; the solution is? 
#auspol 
https://t.co/03sxFhnXJD via @smh]]></document>
		<document><![CDATA[@Lasry08 Get ready to throw my shoe at the TV? Sigh]]></document>
		<document><![CDATA[@JohnWren1950 @LiberalAus @mikebairdMP Property/banking.]]></document>
		<document><![CDATA[@mikebairdMP So the revolving door in #GothamHarbour goes around and around. 
Pursuing a career in Real Estate now are you? 
#NSWpol]]></document>
		<document><![CDATA[Goodbye #casinomike 
I see how much you "love this State" 
Fake, straw shadowy man that you are. 
#NSWpol 
#auspol]]></document>
		<document><![CDATA[The gov here wastes millions &amp; this morally bankrupt gov goes after pensioners to make savings. 😡
#auspol 
https://t.co/JMRvqkVCen via @smh]]></document>
		<document><![CDATA[And our governments try to con us into believing 'we care about Syria'? 
Biggest load of garbage ever spoken !! https://t.co/a6Xz3lct20]]></document>
		<document><![CDATA[@TomCBallard @PeterDutton_MP @theage Values? Damn !! I thought he was going to tell us which was better, Woolies or Coles? 
#auspol]]></document>
		<document><![CDATA[@LawyerAdamHouda @smh Values? Are they the ones at Woolies or Coles? 
#auspol]]></document>
		<document><![CDATA[The ROTTEN stench of party politics in #auspol  
Feather their own nests, nothing more. 
https://t.co/p6d5Q8onE3 via @smh]]></document>
		<document><![CDATA[@64AnthonyP I'm sure he'll have a fine replacement in the former health minister, Tony Abbott, VOMIT !!
#auspol]]></document>
		<document><![CDATA[The 'political class' think they can run roughshod over us that employs them.
Send them a message, PLEASE RETWEET… https://t.co/saJPM73uFm]]></document>
		<document><![CDATA[The FACE of EVIL
Look in his eyes
"says it's 'not fair' he has to hear from the loved ones of his victims" https://t.co/Y9isy9UHaZ via @smh]]></document>
		<document><![CDATA[@chrismurphys Hollow opportunist. Nothing more.]]></document>
		<document><![CDATA[@FightingTories @mackaysuzie Yes he is always the "expert" on all the networks as soon as anything happens. 
I alwa… https://t.co/nUetTDSGGJ]]></document>
		<document><![CDATA[There you go, Aussie honey strong enough to kill golden staph. 👍🏻 https://t.co/5BNyDYMejp]]></document>
		<document><![CDATA[As usual, all of them incl' Greens with their noses in the trough.
Sickening. You get elected then you need trainin… https://t.co/QKRNNpp6qo]]></document>
		<document><![CDATA[@OverTheHill4 @tonywalker1 @james00000001 @smh Yeah &amp; now Bob actually says something negative about it ... Please,… https://t.co/4v91mg9z7I]]></document>
		<document><![CDATA[@tonywalker1 @smh A seasoned politician as Carr being "conned" or "lied to" ... Please. 
He did nothing as did succ… https://t.co/XGg6sKzdGK]]></document>
		<document><![CDATA[People should be reading this as an ominous warning that #Sydney will soon be the 'Tulip Capital' of #Australia 
https://t.co/B5yQX9QlDB]]></document>
		<document><![CDATA[@intlspectator That's ok,  they only ever used the UN to STEAL land they call "Israel". 
It's a pariah State anyway… https://t.co/9Z0bsIQAiT]]></document>
		<document><![CDATA[@USRealityCheck @BreitbartNews Oh,  protected species are they? 
No one else's life matters huh?
Piss Off #brietFART &amp; TRUMP &amp; Associates.]]></document>
		<document><![CDATA[@AnthonyFisherOP 
Never had there been a MORE disingenuous Christmas message from such a big FAKE. 
Not a word about the Church's victims.]]></document>
		<document><![CDATA[Maybe she could start by asking her 'inept brother' to stop being such a c$&amp;t 
via @abcnews https://t.co/udsdtQgtWl https://t.co/Lh7w4ZusxK]]></document>
		<document><![CDATA[Goodbye, pariah State.
Israel to reassess UN ties after settlement resolution - via @abcnews https://t.co/Kic0IXebkP https://t.co/xIjE8hNZba]]></document>
		<document><![CDATA[@pgarrett @LaLegale Like you were some efficient protector of the environment... Pfft. 
Piss off into the oblivion… https://t.co/DtyVUmnzD6]]></document>
		<document><![CDATA[At least New Zealand have got balls, good on them. 
As for 'loony Trump' yes, yes, what a piece of shit. 
https://t.co/sPNYkHiCC1 via @smh]]></document>
		<document><![CDATA[@AndrewBurrell7 Nice in theory, but the GOV is the exception to this other "legal fiction"]]></document>
		<document><![CDATA[This 'extended coverage' of the tragedy in Berlin is very disconcerting.
If 'terrorists' seek publicity, the MSM play right into their hands]]></document>
		<document><![CDATA[Rise &amp; fall of Obeid, the minister who Labor turned a blind eye  
What does this say about
#labor 
#auspol
https://t.co/L6YoCu7aCk via @smh]]></document>
		<document><![CDATA[@Kate_McClymont @NSWSupCt So now, how much will the corrupt LNP members get?
#nswpol]]></document>
		<document><![CDATA["Corruption by elected representatives erodes democracy" 
"Five years .. No parole three years" 
Justice Beech-Jones 
#nswpol]]></document>
		<document><![CDATA[@virgotweet @tournesol178 @LeeYve1965 @ChristineMilne @TurnbullMalcolm Yeah right. Your suggesting all these 'judge… https://t.co/Y3vov50WAz]]></document>
		<document><![CDATA[@markdreyfusQCMP Like you won't 'use' him as a tool when you get into gov' as well. 
Give it up, we all know it's 6… https://t.co/t45MakJbQU]]></document>
		<document><![CDATA[@PMBarraclough Indeed. 
The whole ABC went to the dogs when Malcolm took over as Com Min. 
#notmyabc]]></document>
		<document><![CDATA[@Malarndirri19 @mackaysuzie It's an often (conveniently) overlooked fact, that 18D tempers 18C. 
#auspol]]></document>
		<document><![CDATA[These 'dissenters' only believe in their own warped doctrines. To them God has no 'divine prerogative'? @Pontifex
https://t.co/dyUKojiaE5]]></document>
		<document><![CDATA[Absolute abrogation of the Rule of Law. #auspol 
Dylan Voller tells royal commission of road trip from hell https://t.co/a6hTOTsTZN via @smh]]></document>
		<document><![CDATA[@AndrewBartlett What a bunch of "infidels" to their own 'Christian' faith. 
The barking dogs have been unleashed. 
#auspol]]></document>
		<document><![CDATA[@pierspaullumley My other poll asks (and I support) a $100 cap per person (only, no corporate donations).]]></document>
		<document><![CDATA[@pierspaullumley Sorry who endorsed (fruitcake) Yeltsin? 
Was not the US meddling in Russian affairs at the time?… https://t.co/FVJyc9JKG4]]></document>
		<document><![CDATA[@pierspaullumley Well hopefully no, but, it's a pretty condescending notion that union members themselves couldn't… https://t.co/bVnK5D1QK7]]></document>
		<document><![CDATA[@EddyJokovich @edw19173255 What's the bet most if not all made significant donations to the 2 major parties? 
#auspol]]></document>
		<document><![CDATA[@Angry_Oz_Geek Well let's say if we REMOVED all corporate donations and capped individual ones,  a proper, lively &amp;… https://t.co/RnUFBhkqcX]]></document>
		<document><![CDATA[@Axolotlpluvius Thanks.
I believe 'people' should be allowed to donate but capped to $100 max, this way decisions w… https://t.co/uU2oBZEZRN]]></document>
		<document><![CDATA[@Axolotlpluvius 
Good q.
Personally I'd say no,  my other poll asks if ALL donations should be capped at $100, so if he is $100 is the max.]]></document>
		<document><![CDATA[Why Human Rights ground the 'Rule of Law' and why,  without them,  there is no law at all.
Please Read :) #auspol
 - https://t.co/7kijMrxZz0]]></document>
		<document><![CDATA[Should only natural persons be able to donate to political parties in Australia?
That means should corporations be banned outright?
#auspol]]></document>
		<document><![CDATA[Should donations to political parties in Australia &amp; the States be capped to $100 (max) per person?
#auspol]]></document>
		<document><![CDATA[@PaulBongiorno He that stands for 'everything' actually stands for nothing. 
@TurnbullMalcolm the Cardboard cut out man. 
#auspol]]></document>
		<document><![CDATA[@JulianBurnside And successive of our government's have been trying to undermine ever since. 
Reservations galore a… https://t.co/jenaBibRvD]]></document>
		<document><![CDATA[Trump's victory was a victory for all the bullies &amp; thugs.
Thank God we have 18c of the RDAct here #auspol 
https://t.co/P0BskAe1dT via @smh]]></document>
		<document><![CDATA[@QuentinDempster @GuardianAus @guardian 
And shut down Community TV, rotten bastards !!
#auspol 
#nswpol]]></document>
		<document><![CDATA[Don't dare stand in the way of a Leviathan. 
Gov resorts to 'thuggery' to get families out of their homes. 
https://t.co/ojXOiJEDAA via @smh]]></document>
		<document><![CDATA[Indeed. 
Once our government eliminates CIVIL RIGHTS &amp; caters only for their political donors,
CIVIL DISOBEDIENCE M… https://t.co/wgCW3xsuG4]]></document>
		<document><![CDATA[@albericie Sorry but your and Karvelas' (LNP) opinions ARE NOT JOURNALISM.
Do your bloody jobs and REPORT NEWS.
CUTS, CUT. 
#auspol 
#abctv]]></document>
		<document><![CDATA[Why don't we privatise our Parliaments as well? 
Oh they already are to corporate donors !!
#auspol 
https://t.co/lbTNAVeRdV via @smh]]></document>
		<document><![CDATA[Here we go again, Premier Real Estate Agent Casino Mike about to sell off a most important state asset. 
https://t.co/JixBOw4lj1 via @smh]]></document>
		<document><![CDATA[What a neat little system: Buy your way into Australia. 
Let's all thank our pollies for selling us out. 
#auspol 
https://t.co/821veIrbGS]]></document>
		<document><![CDATA[@SeanNic @smh 
You know where you can stick your fictitious rigged polls? 
Regurgitating a f$&amp;king poll is NOT JOURNALISM !!
#nswpol]]></document>
		<document><![CDATA[Some part-time 'Jounalists' should list their full time occupation: Professional Masturbators !!
#auspol
#nswpol https://t.co/5xMEBysWuE]]></document>
		<document><![CDATA[Glowing references from such a group of morally bankrupt 'people' 
Rot in prison Obeid, 
WHERE YOU BELONG #nswpol
https://t.co/k5rb4EVqQe]]></document>
		<document><![CDATA[@LawyerAdamHouda 
You presuppose that he actually 'has' a conscience. 
There is compelling evidence that no such conscience exists
#auspol]]></document>
		<document><![CDATA[So Pell can speak about "morals" in London, yet he cannot return to Australia? 
Pathetic piece of garbage he is. 
https://t.co/D6ToIeqRFa]]></document>
		<document><![CDATA[Gee, so much for living in the land of the "free" 
What a f&amp;$king idiot &amp; demagogue. https://t.co/dXV4IKu5Pz]]></document>
		<document><![CDATA[I can't wait to read this book.
Spot on !!
Meet James, the man that always wins Australia's Game of Mates https://t.co/06D72MkzxR via @smh]]></document>
		<document><![CDATA[Hey @albericie where is it in your contract that you are the defender of the LNP Gov? 
Bloody shocking interview with @SenatorWong 
#auspol]]></document>
		<document><![CDATA[I'm sorry, but did not the US interfere in the domestic affairs of Russia? 
Who endorsed fruitcake Yeltsin?
https://t.co/KXKDApB8hB via @smh]]></document>
		<document><![CDATA[People are just so damn stupid. 
I said this guy was a 'Real Estate' agent, now he'll move over for No.2 
https://t.co/eDf1iSdOpQ via @smh]]></document>
		<document><![CDATA[This bunch of utterly CORRUPT politicians seem to be getting away with shit with 'impunity'...
Where's the f&amp;$king… https://t.co/mjYRqje55u]]></document>
		<document><![CDATA[Absolutely outrageous !
It's time for son's &amp; daughter's of migrants to step up and call this SCUM out for what the… https://t.co/hqOB24dTbI]]></document>
		<document><![CDATA[Casino Mike looks after crooked 'buddies'
#nswpol 
#auspol 
ICAC overhaul was among Mike Baird's worst https://t.co/toFFu00Zn4 via @smh]]></document>
		<document><![CDATA[We participate in ASEAN and APEC yet we still need to 'defend' our borders @Barnaby_Joyce ?
#qanda]]></document>
		<document><![CDATA[Oh poor Bill leak ...
Thinks he can sling shit with impunity. 
Where are cartoons on lying, cheating White pollies?
https://t.co/GvKoi8dMh3]]></document>
		<document><![CDATA[Gee, even university professors can be complete morons. 
Pft 'marketing professor' my ass. https://t.co/ht1sE3nGce]]></document>
		<document><![CDATA[Finally I understand, 
they've elected 
DONALD DUCK !!
All makes perfect sense now. 
#Election2016 
#auspol https://t.co/iDs93rdk4G]]></document>
		<document><![CDATA[The last time the US meddled in our domestic affairs. 
In most cases warfare, is America's way of learning geograph… https://t.co/BTafCqC1yo]]></document>
		<document><![CDATA[@MarkDiStef @BuzzFeedNews 
Pfft. 
That's just 'the pot calling the kettle black' 
#auspol]]></document>
		<document><![CDATA[No, the emptiest vessel with the loudest voice, conned a nation. The demagogue reins. 
#auspol 
#Election2016 
https://t.co/djuhClTstR]]></document>
	</documents>
</author>