<author lang="en">
	<documents>
		<document><![CDATA[#UKIP devotees gleefully perpetuate the myth that Muslim men are predators, but party officials used EU-funded office for a child porn ring.]]></document>
		<document><![CDATA[@yesbrexit Jimmy Savile was a Muslim? Rolf Harris? Gary Glitter? Ian Watkins? Max Clifford?]]></document>
		<document><![CDATA[@matthaig1 Every country that 'welcomes' Trump on a state visit should give him the full security treatment - including a cavity search. ;-)]]></document>
		<document><![CDATA[@mi5uk Almost as if #UKIP doesn't have any sense of self-awareness whatsoever. Or are enormous hypocrites. @thomasevansgb @birminghamukip]]></document>
		<document><![CDATA[@mi5uk Ironic that @birminghamukip doesn't even realise it's @thomasevansgb hurling abuse by smearing people as having MH problems. #UKIP]]></document>
		<document><![CDATA[@otto_english @jasnabadzak Not hundreds of thousands, but an estimated £20m altogether over many years. #UKIP *loves* a gravy train.]]></document>
		<document><![CDATA[@rachael_swindon And @paulnuttallukip refuses to say whether he'll step down as an MEP if elected, knowing he can't be an MP at same time.]]></document>
		<document><![CDATA[@slatukip Let's be honest: @realdonaldtrump's Muslim ban isn't about security or patriotism, it's all posturing from a man with a tiny dick.]]></document>
		<document><![CDATA['Do not profane your daughter by making her a harlot, at least until she's old enough to join Snapchat.' #AwfullyBritishCommandments]]></document>
		<document><![CDATA[Thou shalt always complain in the winter that it's too cold to venture outside, and go shopping the next day. #AwfullyBritishCommandments]]></document>
		<document><![CDATA[Do not covet thy neighbour's Wi-Fi. To dream of pilfering internet access from them is punishable by death. #AwfullyBritishCommandments]]></document>
		<document><![CDATA[Blessed are those who complain about train service, but roll their eyes when someone suggests cycling to work. #AwfullyBritishCommandments]]></document>
		<document><![CDATA[Thou shalt never introduce milk into a cup of tea first. It is an abomination. Seriously guys, don't do it. #AwfullyBritishCommandments]]></document>
		<document><![CDATA[@nigel_farage We also know she 'works' for Ray Finch MEP to circumvent EP rules about hiring family members. SO transparent, Nigel. #UKIP]]></document>
		<document><![CDATA[@nigel_farage We know you 'employed' your wife with EU money until 2014 Euro elections &amp; she runs your social media presence. Whoops. #UKIP]]></document>
		<document><![CDATA[@nigel_farage I guess you'll be removing Kirsten from EU payroll (and Ray Finch will do the same) if you divorce. Would be a tragedy. #UKIP]]></document>
		<document><![CDATA[@nigel_farage I'd be annoyed too if I was her - sleeping with other women behind Kirsten's back, and even giving them EU-paid 'jobs'. #UKIP]]></document>
		<document><![CDATA[Hi @nigel_farage, was wondering if I could pick your brains regarding Kirsten's decision to take off her wedding ring? Divorcing soon? #UKIP]]></document>
		<document><![CDATA[@grantjkidney By your absurd logic, refugees fleeing conflict and persecution want to export violence to host nations? Don't be so daft.]]></document>
		<document><![CDATA[@mi5uk @john3ners Does @JohnBickleyUKIP believe #UKIP leader @paulnuttallukip is above the law? I'm sure OLAF would beg to differ... ;-)]]></document>
		<document><![CDATA[@mi5uk @john3ners Erm, except that the very same @thomasevansgb used his shitty 'blog' to smear me and threaten my family. What a cunt!]]></document>
		<document><![CDATA[@prisonplanet Trump is paid to be the President, not an art critic. Prioritising personal beliefs over professional judgement is a bad sign.]]></document>
		<document><![CDATA[@realdonaldtrump You don't have the power to sack judges. I understand the U.S constitution better than you, and I'm a British citizen!]]></document>
		<document><![CDATA[@chocolacataco I think more people who don't share the venomous arseholery of 'Alt-Right' types adopted the hashtag to extract the urine.]]></document>
		<document><![CDATA[@chocolacataco #BoycottBudweiser was started by #AltRight types infuriated by a Super Bowl ad with an unashamedly pro-immigrant message.]]></document>
		<document><![CDATA[@chocolacataco I've checked the tweets. Most are from Alt-Right types infuriated by the idea of immigrants building successful businesses.]]></document>
		<document><![CDATA[@yorkuniukip Astonishing how easily you change from 'Everyone's making unfair generalisation' to making unfair generalisations. @slatukip]]></document>
		<document><![CDATA[#BoycottBudweiser trending in U.S b/c #AltRight cuck crybabies don't like being reminded the firm's founder was an immigrant. Pathetic!]]></document>
		<document><![CDATA[@momentumox Every conscientious citizen should be ashamed of how gvmn't &amp; the media demonises disabled people. A dangerous precedent indeed.]]></document>
		<document><![CDATA[Got to head down to Cardiff for an F&amp;HR meeting tomorrow afternoon. I'm determined not to let this unforeseen development change my plans.]]></document>
		<document><![CDATA[Would have picked up my prescription today but finding an open pharmacy on Sunday is nigh-on impossible. So am picking it up Monday morning.]]></document>
		<document><![CDATA[After a painful procedure (dentist apologised profusely) the swelling has started to deflate and I'm starting a course of Amoxicillin soon.]]></document>
		<document><![CDATA[Woke up this morn with an ugly, uncomfortable abscess on the right side of my face. Had to get it sorted by emergency dentist in Pontypridd.]]></document>
		<document><![CDATA[@Nigel_Farage shares £4million bachelor pad with French politician at centre of probe into £400,000 #UKIP donation https://t.co/ljIgIrdwQJ]]></document>
		<document><![CDATA[@richywaspfan @stephenking You've watched the film many times before, I take it? :-P]]></document>
		<document><![CDATA[@richywaspfan Still reckon it's a masterpiece though, even if @stephenking was disappointed at Kubrick's adaptation of his famous novel.]]></document>
		<document><![CDATA[@freedomlynn123 @fight4uk @nathangarbutt I hope the people of Stoke reject @paulnuttallukip for his countless lies and criminality. #UKIP]]></document>
		<document><![CDATA[@far_right_watch Wonder how many Nuttall canvassers are linked to Britain First and other far-right orgs? What's Andy Edge doing these days?]]></document>
		<document><![CDATA[@slatukip Yup, nothing untoward about that. We all know Saint Nige only does what's for the good of his country. #UKIP #gravytrain #OLAF]]></document>
		<document><![CDATA[@unicornalpha69 I need shooting! My back's in half and have had a niggling toothace all day too. Just one of those days, I'm afraid.]]></document>
		<document><![CDATA[@stephiebellabb Thank you! Self-inflicted, I'm afraid. Overslept big time earlier and have been aching all over ever since waking up.]]></document>
		<document><![CDATA[Only thing I really dislike about this film is the irritatingly naïve and childlike performance of Shelly Duvall. She was woefully miscast.]]></document>
		<document><![CDATA[Today has been a film day because I've been ill and feeling sorry for myself. Now re-watching The Shining because there's nothing else on.]]></document>
		<document><![CDATA[Good write-up of fraud &amp; corruption allegations engulfing #UKIP dominated #EFDD group. Stay tuned for further deets! https://t.co/Twgx7kh0vw]]></document>
		<document><![CDATA[@slatukip #UKIP using language of victimhood by claiming it's a 'vindictive' action. I believe that is what the #AltRight call 'cucks'? :-P]]></document>
		<document><![CDATA[@slatukip Malta banned 'gay conversion therapy' in December, first European nation to do so. And still it's perfectly legal in the UK! :-S]]></document>
		<document><![CDATA[@dmreporter Rank hypocrisy frm @DailyMailUK, but we've come to expect it by now. Journalistic integrity isn't very high on their agenda.]]></document>
		<document><![CDATA[@prisonplanet Remember when Trump kept demanding Obama publish his birth certificate, but refused to publish his own tax returns? Oops.]]></document>
		<document><![CDATA[@magicmetalninja @prisonplanet Attempting to suppress the opinion of those who disagree with you. Not a violent, anti-democratic tactic? :-P]]></document>
		<document><![CDATA[@mikeczaikowski @brittpettibone @prisonplanet Don't you lot ever get bored with repeating the same childish lies to demonise leftists?]]></document>
		<document><![CDATA[@trobinsonnewera Did you condemn the terrorist attack on a mosque in Quebec by a neo-nazi? Is this not a case of 'virtue-signalling'? ;-)]]></document>
		<document><![CDATA[@prisonplanet Trump exempted Turkey, Saudi Arabia, Egypt &amp; UAE frm his Muslim travel ban; fifteen out of nineteen 9/11 attackers were Saudi.]]></document>
		<document><![CDATA[@lumix_trident @nbcla @prisonplanet No proof whatsoever that this act was committed by antifa. Spineless clickbait conjecture. #fakenews]]></document>
		<document><![CDATA[@whistlingghost @2tweetaboutit @prisonplanet 'Lefties want Islam to dominate UK.' That must be some good crystal meth. Can I get a hit too?]]></document>
		<document><![CDATA[@rawstory Very disappointed. Was hoping South Park would step up its acerbic lampooning of the Klan-endorsed President. Plenty of material!]]></document>
		<document><![CDATA[@newsjsus If people are really offended by satirical cartoons, but not by a president concerned only with self-preservation, we are screwed.]]></document>
		<document><![CDATA[Somebody get Vaseline for @realdonaldtrump's extraordinarily advanced case of butthurt. You're a fucking joke, mate. We are laughing at you.]]></document>
		<document><![CDATA[@mi5uk Of course, @thomasevansgb thinks it's inherently unfair if #UKIP gets collared for dodgy activities and gloats about other parties.]]></document>
		<document><![CDATA[My body is aching from oversleep, but at least I'm not groggy any longer. A touch of fresh air and an injection of caffeine does wonders.]]></document>
		<document><![CDATA[@paultheboy_edl Yep, because getting drunk and beating people up must be a sign of your 'Aryan superiority.' Hope your death is agonising.]]></document>
		<document><![CDATA[@rachael_swindon Appalling. Deliberate starvation of the #NHS by the Tories to ensure its failure has devastating human consequences.]]></document>
		<document><![CDATA[@slatukip Ah yes, #UKIP's famed election-winning strategy: Vote for us or you're subhuman scum who doesn't deserve to share our oxygen.]]></document>
		<document><![CDATA[I keep having these super-creative and scarily organised dreams every night. Always picking up where I last left off. Wonder what it means?]]></document>
		<document><![CDATA[@snmccolgan @angieewart I personally emailed @GdnPolitics telling them about his brazen fraud against EU taxpayer. He will never be elected.]]></document>
		<document><![CDATA[@ubipages Nigel Farage and his colleagues have stolen millions from EU taxpayers over many years. It's called karma, babe. #UKIP]]></document>
		<document><![CDATA[@misslbuttercup Also worth noting that Council of Europe declared in 2002 that you can't be an MP and MEP at same time. He won't say a word!]]></document>
		<document><![CDATA[@snmccolgan @angieewart Too late to take his name off ballot papers, but by-election could be declared void in court. @paulnuttallukip #UKIP]]></document>
		<document><![CDATA[@angieewart @benefits_news I have been reliably informed that fraud in domestic politics is only one of @paulnuttallukip's 'talents.' #UKIP]]></document>
		<document><![CDATA[@swpolice What the heck are you playing at, turning up at my vulnerable mother's home and saddling her with a drunk who has a history of DV?]]></document>
		<document><![CDATA[Is @paulnuttallukip's by-election campaign in Stoke so dire that he's reaching out to corpses for endorsement? https://t.co/QiQtc2KF7B #UKIP]]></document>
		<document><![CDATA[@andreastonez @resist_mnaa Ugh. Everything I read about Trump makes me think 'What an utter bastard.' Absolutely unfit for the presidency.]]></document>
		<document><![CDATA[@skwawkbox @independent @m_star_online @mirrorpolitics @psbook @telepolitics Might also be of immense interest to @MichaelLCrick too. ;-)]]></document>
		<document><![CDATA[@navsh_uk Taking looked-after children out of lessons jeopardises educational attainment and crucial social development. @VoicesFromCare]]></document>
		<document><![CDATA[@gdnsocialcare @fosteringnet Stability is one of the recurring themes I encounter when speaking to other care-experienced young people.]]></document>
		<document><![CDATA[@msmithsonpb Technically speaking, he should resign as an MEP in case of being elected as an MP because it's not allowed in EU regulations.]]></document>
		<document><![CDATA[@ukip @paulnuttallukip @suzanneevans1 You mean underlining support for *undermining* the NHS and flogging it to major #UKIP donors? ;-)]]></document>
		<document><![CDATA[@piersmorgan He surrounds himself with people on the far-right, some of whom are literally Holocaust denying fascists. Are you thick?!]]></document>
		<document><![CDATA[@goddersbloom Why don't you tell the nice people about how you laundered EuroParl money into your business TBO Investments? #UKIP #crook]]></document>
		<document><![CDATA[@ireland Isn't turning one's back on EuroParl colleagues considered misconduct, in that case? Don't mind me, just playing devil's advocate.]]></document>
		<document><![CDATA[Why is @MLP_officiel refusing to pay back €300k which has been defrauded from EU taxpayers by Front National? Does she think we're stupid?]]></document>
		<document><![CDATA[@msmithsonpb EuroParl doesn't take too kindly to endemic misuse of taxpayer cash for personal enrichment, such as paying mortgages. #UKIP]]></document>
		<document><![CDATA[@hephaestus7 Not the only thing he's going to be collared for. Majority of 'MEP assistants' paid by EuroParl for domestic politics. #UKIP]]></document>
		<document><![CDATA[@realdonaldtrump Trump foreign policy in a nutshell: 9am - Threaten to bomb Mexico, 9:30 - Argue with Aussie PM, 10am - Milk and naptime.]]></document>
		<document><![CDATA[@davidschneider Kellyanne Conway making up an attack to demonise refugees is low even by her standards. Bowling Green Massacre, my arse.]]></document>
		<document><![CDATA[Are you an org working or engaging with YP in Wales? Promote your service at @VoicesFromCare's #ProudToBeMe event! https://t.co/OWw8XZr7NN]]></document>
		<document><![CDATA[Not particularly to easy keep warm on a winter night when your bedroom is the coldest room on a ground floor flat. I would not recommend it.]]></document>
		<document><![CDATA[Nothing quite compares to getting real cosy with Betty. She helps me peacefully drift off to sleep, and I'm lost without her.]]></document>
		<document><![CDATA[I could stick the heating on for a bit, but then I'd have to eventually get out of my comfy bed to switch it off. These are desperate times.]]></document>
		<document><![CDATA[Missing: One purple hot water bottle. Last seen somewhere in my bedroom the other day. I'm so sorry for neglecting you, Betty. Come home.]]></document>
		<document><![CDATA[@paulnuttallukip People go to jail for applying a fake residence to election papers, you clueless fuckwit. https://t.co/cBYjIvD7Dg #UKIP]]></document>
		<document><![CDATA[@M_Star_Online @MirrorPolitics @TelePolitics @Independent @psbook This may be of interest to you. Check out Nuttall's listed 'assistants.']]></document>
		<document><![CDATA[@warwickhunt4 That's not the only transgression he's guilty of. See my TL for damning allegations regarding so-called “MEP assistants.” ;-)]]></document>
		<document><![CDATA[Nuttall's dodgy “MEP office” (derelict warehouse) sharing same PO Box as NW branch is currently under OLAF investigation. About time! #UKIP]]></document>
		<document><![CDATA[Nuttall's ONLY EuroParl accredited assistant is Robert Welsh. All others are #UKIP employees with *zero* EP experience between them.]]></document>
		<document><![CDATA[Failed candidate (and #UKIP Daily contributor) Gary Robinson is apparently on Nuttall payroll too. Not bad work for a lowly taxi driver, eh?]]></document>
		<document><![CDATA[#UKIP NW chairman Phillip Griffiths (an ex-Tory businessman) is also amongst those fraudulently listed as Nuttall's “EuroParl assistant”.]]></document>
		<document><![CDATA[#UKIP press officer in NW England is Lynda Roughley. She is also listed as MEP “assistant” to Nuttall, but has never worked within EuroParl.]]></document>
		<document><![CDATA[Noel Matthews runs “Bloggers 4 UKIP” and is “generously” compensated by EU taxpayers for his valiant efforts. How kind we are! #UKIP]]></document>
		<document><![CDATA[Helen Smith was convicted in 2016 of theft from Thanet garden centre. Wayne Harling is #UKIP's regional organiser for North West England.]]></document>
		<document><![CDATA[Wayne Harling, Helen Smith &amp; Noel Matthews are paid “MEP assistants” to Paul Nuttall. None of them have ever worked within EuroParl. #UKIP]]></document>
	</documents>
</author>