<author lang="en">
	<documents>
		<document><![CDATA[@Titanic_Britain @Aiken3Aiken facking snowflakes stalking you are they?]]></document>
		<document><![CDATA[@Titanic_Britain that you as well fella @Aiken3Aiken spitting image]]></document>
		<document><![CDATA[@RegMigs @AlastairMigs @JAV33D @VenusMongTrap Jav will fall in line now, gonna take a few days to get the smell of Gordon out of the shop]]></document>
		<document><![CDATA[@viking_tiger @JAV33D @shortdancevids @SethMigs yeah I reckon it is]]></document>
		<document><![CDATA[@viking_tiger @RonnieMigs @JAV33D @shortdancevids @SethMigs possibly, we have a cousin in Llanelli]]></document>
		<document><![CDATA[@Titanic_Britain @seal_1988 @Mr_S_Clean Isis are nothing like cartels, Isis aren't about money,flash cars and a playboy lifestyle]]></document>
		<document><![CDATA[@viking_tiger @MrMultiplemigs @JAV33D @shortdancevids he's a kind hearted man, his brother @SethMigs worships the ground he walks]]></document>
		<document><![CDATA[@BREXITEER2017 vote em out treacherous scum bags]]></document>
		<document><![CDATA[@Dicky_turpin white dog shit is rarer than rocking horse shit]]></document>
		<document><![CDATA[@nickccotton @Dotty_c0tton @BrianHardie7 @EmmaMason93xox you facking behave ya greasy cunt, no way to talk to your mother.]]></document>
		<document><![CDATA[@viking_tiger @MrMultiplemigs @JAV33D @shortdancevids naah not Multy highly respected even I tip me hat to the man]]></document>
		<document><![CDATA[@viking_tiger @MrMultiplemigs @JAV33D @shortdancevids naah Multy dances like he's been kneecapped, he's facking useless]]></document>
		<document><![CDATA[@BumBoyMitchell @Deliveroo @SUBWAY fine choice but don't try and gobble it I'm one go hope it don't choke ya,]]></document>
		<document><![CDATA[@BumBoyMitchell @Deliveroo what you having?]]></document>
		<document><![CDATA[@nightynouse @AoifeLockhart all these cretinous people applauding her vile language, snowflakes stick together come on let's all hug it out.]]></document>
		<document><![CDATA[@Iadat watcha fella]]></document>
		<document><![CDATA[@Chris_Thomson what happened to your eye fella?]]></document>
		<document><![CDATA[@deaddawg64 @GalesMartin @MrBlonde123 or perhaps he was a critic eh everyone is these days but still harsh to get shot for.]]></document>
		<document><![CDATA[@deaddawg64 @GalesMartin @MrBlonde123 can't go around shooting people in an art gallery surely that's wrong]]></document>
		<document><![CDATA[@walkers_crisps @GaryLineker @ChampionsLeague I don't eat walkers anymore, Gary has turned me off them, back on Golden Wonder now]]></document>
		<document><![CDATA[@mandgil it's called abs love, do t get it on the older models]]></document>
		<document><![CDATA[@viking_tiger @JAV33D @MrMultiplemigs @shortdancevids multiple is a honkey so unlikely]]></document>
		<document><![CDATA[@Ruptly @DWPscumbags excellent they can take em all]]></document>
		<document><![CDATA[@mickmartell @AoifeLockhart I see mums the word, our little secret]]></document>
		<document><![CDATA[@GripperMigs @RonnieMigs @mickmartell @AoifeLockhart it's confusing cos mick is actually Sue, so yes I think I did]]></document>
		<document><![CDATA[@mickmartell @AoifeLockhart awkward ain't it, but you know did we??]]></document>
		<document><![CDATA[@mickmartell @AoifeLockhart you know me so well Mick, but I know you too Susie ain't it]]></document>
		<document><![CDATA[@MrBlonde123 @deaddawg64 Terrorists matter too #terroistsmattertoo]]></document>
		<document><![CDATA[@MrBlonde123 @deaddawg64 well I think your on to something Blonde, it's quite clearly turning into a race issue, they actually shot him too]]></document>
		<document><![CDATA[@deaddawg64 @MrMultiplemigs @AshleyFagashlil @VenusMongTrap @GripperMigs I still don't get the significance of Micky mouse?]]></document>
		<document><![CDATA[@mandgil @BumBoyMitchell @KennDavid1 @ginge_mo she's French you tit]]></document>
		<document><![CDATA[@deaddawg64 @MrMultiplemigs @AshleyFagashlil @VenusMongTrap @GripperMigs facking marvellous ain't it]]></document>
		<document><![CDATA[@Hardywolf359 @12voltz facking nightmare eh @deaddawg64]]></document>
		<document><![CDATA[@realDonaldTrump I'll be back]]></document>
		<document><![CDATA[@BumBoyMitchell @KennDavid1 @mandgil @ginge_mo do you know the one about two little boys?]]></document>
		<document><![CDATA[@MrMultiplemigs @GripperMigs @VenusMongTrap I've quite liked the idea of an ice cream van, perfect for keeping the bodies chilled]]></document>
		<document><![CDATA[@Askrigglad @nobbyclark2014 we have encouraged and bred these stupid people to grow, we are all partly to blame]]></document>
		<document><![CDATA[@helpsainsburys I'll have a whip round @theMigsClan  least we can do bruv @SethMigs @MrMultiplemigs @GripperMigs @AlastairMigs]]></document>
		<document><![CDATA[@helpsainsburys has she not tried the pound shop surely worth a try]]></document>
		<document><![CDATA[@dccrossley @AoifeLockhart indeed euthanasia for white blokes, bloody twat racist gwan fack off]]></document>
		<document><![CDATA[@mickmartell take your head out of  @AoifeLockhart arsehole, she's a classy lady you've no chance]]></document>
		<document><![CDATA[@paki_dave @clowes_hayley the lady ain't for burying, naah Dave your starting to give me the hump]]></document>
		<document><![CDATA[@nightynouse @Nigel_Farage @JuliaHB1 interesting]]></document>
		<document><![CDATA[Blimey you try to be nice to some people eh, look at potty mouth https://t.co/w9GzTRRbSm]]></document>
		<document><![CDATA[@AoifeLockhart how rude, classy I like it]]></document>
		<document><![CDATA[@clowes_hayley @paki_dave listen darling I don't appreciate you insulting my dear friend, naah consider this a friendly warning alwight]]></document>
		<document><![CDATA[@viking_tiger @RegMigs @AlastairMigs @JAV33D @VenusMongTrap Im not buying nor stealing walkers while that cretinous fool is employed by them]]></document>
		<document><![CDATA[@clowes_hayley @paki_dave she giving you trouble Dave, like me to sort it]]></document>
		<document><![CDATA[@2010LeeHurst fack me mate how many dead bodies could you fit in, I'm looking for a new motor after the Humber hawk gave up the ghost]]></document>
		<document><![CDATA[@viking_tiger @RegMigs @AlastairMigs @JAV33D @VenusMongTrap oi fack off, right lads stamp on those orrible #walkers crisps #boycottlineker]]></document>
		<document><![CDATA[@AoifeLockhart @Gilson1984 @GaryLineker @adge_uk my dear you sound like you are wishing your hardest so you can be right. ❄️ bless]]></document>
		<document><![CDATA[@RegMigs @AlastairMigs @JAV33D @VenusMongTrap smash up the cream crackers, hit em hard boys hit em hard]]></document>
		<document><![CDATA[@Marco_P_Shite @RoxieBaby17 @FrankieMigs @VenusMongTrap you taking the facking piss, who the fack are you]]></document>
		<document><![CDATA[@RegMigs @JAV33D @AlastairMigs @VenusMongTrap  might have to rearrange your shop Jav]]></document>
		<document><![CDATA[@FrankieMigs @Marco_P_Shite @RoxieBaby17 you've got a nerve showing your ugly mug around here]]></document>
		<document><![CDATA[@oinkoink50 @HouseofCommons you want it to fail so you can say I was right eh, whatever fella]]></document>
		<document><![CDATA[@oinkoink50 @HouseofCommons just imagine fella if it all works out fine, you'll have fack all to moan about, suppose Trump will be your vent]]></document>
		<document><![CDATA[@mightybinwah facking marvellous ain't it]]></document>
		<document><![CDATA[@RoxieBaby17 @Marco_P_Shite definitely a fatty, we discussed this in depth yesterday]]></document>
		<document><![CDATA[@Marco_P_Shite @RoxieBaby17 watch this one Roxie he's a pervert]]></document>
		<document><![CDATA[@DRIVING_NAKED looking well for 90 facking marvellous]]></document>
		<document><![CDATA[@clowes_hayley @paki_dave @weirdo_mick @leeco197 @Marco_P_Shite @fifty_jay filth my nephew @MigsMosside loves yous sort, give him a tinkle]]></document>
		<document><![CDATA[@clowes_hayley @leeco197 @paki_dave @Marco_P_Shite @weirdo_mick @fifty_jay I won't have a bad word said about Lee]]></document>
		<document><![CDATA[@clowes_hayley @leeco197 @paki_dave @Marco_P_Shite @weirdo_mick @fifty_jay spot on then]]></document>
		<document><![CDATA[@deaddawg64 @GrowlerMigs I'm quite large downstairs mat be a bit baggy on ya, but sure you can, in fact keep em I insist]]></document>
		<document><![CDATA[@clowes_hayley @leeco197 @paki_dave @Marco_P_Shite @weirdo_mick @fifty_jay granted Dave is a scrawny little fella, but he's no mong]]></document>
		<document><![CDATA[@deaddawg64 @GrowlerMigs put some clean draws on before you visit, he can be quite anal on such things]]></document>
		<document><![CDATA[@deaddawg64 you need to visit @GrowlerMigs he'll sort you out fella]]></document>
		<document><![CDATA[@clowes_hayley @leeco197 @Marco_P_Shite @paki_dave @weirdo_mick @fifty_jay my facking pleasure, Dave and Fatty said you were a wrongon]]></document>
		<document><![CDATA[@Marco_P_Shite @leeco197 @paki_dave @weirdo_mick @clowes_hayley @fifty_jay that what you wife calls you eh?]]></document>
		<document><![CDATA[@paki_dave @Marco_P_Shite @weirdo_mick @clowes_hayley @fifty_jay @leeco197 @RegMigs you taking the piss boy? Won't be fatty in the boot now]]></document>
		<document><![CDATA[@paki_dave @Marco_P_Shite @weirdo_mick @clowes_hayley @fifty_jay @leeco197 cost money that Dave, plus @RegMigs has the Motor tonight]]></document>
		<document><![CDATA[@paki_dave @Marco_P_Shite @weirdo_mick @clowes_hayley @fifty_jay @leeco197 well I won't have him bullying you Dave you tell him to fack off]]></document>
		<document><![CDATA[@RaheemKassam @BREXITEER2017 @GuidoFawkes if your going to get on your horse about Trumps injustice then protest about the ban on Israel]]></document>
		<document><![CDATA[@RaheemKassam @BREXITEER2017 @GuidoFawkes no mass protests for the Jewish people banned from entering 16 countries. Don't fit the addenda]]></document>
		<document><![CDATA[@paki_dave @Marco_P_Shite @weirdo_mick @clowes_hayley @fifty_jay @leeco197 he give you any trouble Dave punch him in the flabby area]]></document>
		<document><![CDATA[@Marco_P_Shite @paki_dave @weirdo_mick @clowes_hayley @fifty_jay @leeco197 tip top shape for a spit roast you fat facker]]></document>
		<document><![CDATA[@Dotty_c0tton @adey_67 @TheSun with a big facking menthol cigarette hanging of your bottom lip, facking class]]></document>
		<document><![CDATA[@paki_dave @weirdo_mick @Marco_P_Shite @clowes_hayley @fifty_jay @leeco197 they don't allow fattys like him to be chefs, counterproductive]]></document>
		<document><![CDATA[@Anti__UKIP @Titanic_Britain blimey are people still crying about the EU ffs]]></document>
		<document><![CDATA[@Marco_P_Shite @paki_dave @clowes_hayley @fifty_jay @leeco197 @weirdo_mick I bet @RegMigs and I are a lot better with knifes than you fatty]]></document>
		<document><![CDATA[@taylaw2001 I will do my best, can you help me get to 1000 fella?]]></document>
		<document><![CDATA[@paki_dave @clowes_hayley @Marco_P_Shite @fifty_jay @leeco197 if that chef Wanker gives you any trouble Dave, I'll have a word.]]></document>
		<document><![CDATA[@VenusMongTrap @C1ungeShipman @MikeEhrmantreut talking about that runt @paki_dave]]></document>
		<document><![CDATA[@paki_dave @Marco_P_Shite you just try me see if how it works out for ya]]></document>
		<document><![CDATA[@VenusMongTrap @C1ungeShipman @MikeEhrmantreut @paki_dave he'll be getting far more than he bargained for if he keeps disrespecting me]]></document>
		<document><![CDATA[@paki_dave @Marco_P_Shite you just try it, I'll have you rolled up in an old carpet and in the boot of my motor before you can blink]]></document>
		<document><![CDATA[@uk_rants what about the 16 nations that have banned Israeli citizens entry, no facks given about that.]]></document>
		<document><![CDATA[@realDonaldTrump to be fair he it was part of his campaign why is everyone surprised he's doing what he said he would?]]></document>
		<document><![CDATA[@BenBerkon @realDonaldTrump a bit harsh he's not even had the job a week]]></document>
		<document><![CDATA[@mightybinwah @Minorcomplaint @paki_dave I think we are getting of on the wrong foot here binwash]]></document>
		<document><![CDATA[@leeco197 @paki_dave @TheChinkyLee @VenusMongTrap @SethMigs anyway you didn't answer my question]]></document>
		<document><![CDATA[@mightybinwah @Minorcomplaint @paki_dave not a very nice way to talk to my pal Dave, wind ya neck in naah boy]]></document>
		<document><![CDATA[@leeco197 @paki_dave @TheChinkyLee @VenusMongTrap @SethMigs you taking the piss boy?]]></document>
		<document><![CDATA[@mightybinwah @Minorcomplaint @paki_dave and who might you be sunshine?]]></document>
		<document><![CDATA[@Minorcomplaint @paki_dave I'm in charge of security so don't even think about helping yourself]]></document>
		<document><![CDATA[@Minorcomplaint @paki_dave no you've been told, gwan fack off do one]]></document>
		<document><![CDATA[@leeco197 @paki_dave @TheChinkyLee @VenusMongTrap @SethMigs your like to dip into the chocolate, so to speak]]></document>
		<document><![CDATA[@leeco197 @paki_dave @TheChinkyLee @VenusMongTrap @SethMigs is it true what Dave says about you Lee?]]></document>
		<document><![CDATA[@paki_dave @Minorcomplaint if he gives you any trouble you tell me alwight Dave]]></document>
	</documents>
</author>