<author lang="en">
	<documents>
		<document><![CDATA[@jonlovett Jon, Emily,  blink twice if you need rescuing.]]></document>
		<document><![CDATA[@petermblair just now to the babe: okay, bath time is over because I'm super bored.]]></document>
		<document><![CDATA[Went to vegan Superbowl food truck party this aft. Now blissfully ignoring the game on a lazy train ride home. https://t.co/rPnlp25iW0]]></document>
		<document><![CDATA[This runs prefectly counter to my experience of the user of HB1 visas by big  tech companies. Huh. https://t.co/AnfuapFq9i]]></document>
		<document><![CDATA[@cameronesposito thanks for the push! 
https://t.co/4mJ3dylmbi]]></document>
		<document><![CDATA[@petermblair took the kids (minus the babe) to a play so I'm going to go all out and fall asleep while trying to read.
#livingthedream]]></document>
		<document><![CDATA[@MorganBaskinTO maybe highlights with a "more available..."?]]></document>
		<document><![CDATA[As a new American I'm really excited about @TVietor08's Pod Save the World. One request, how about 12 episodes a week to keep up with trump?]]></document>
		<document><![CDATA[Lindy, I know you aren't on twitter anymore because of the terrible but I wish you were because I laughed so hard I… https://t.co/LPHagkvsqp]]></document>
		<document><![CDATA[Listening to Shrill by Lindy West. Laughed aloud when she summarized A League of Their Own as "what if women could do things?".]]></document>
		<document><![CDATA[@meakoopa like @mulaney says, he's a hobo's idea of what a rich man would be.]]></document>
		<document><![CDATA[#OnMyDeskToday 
(Including the list of books I read in January. Each one wonderful and each an escape in what has b… https://t.co/dWUevkJfFO]]></document>
		<document><![CDATA[Trying so hard to finish Claire-Louise Bennett's Pond but an orange ogre took over my country &amp;it's really hard to think about anything else]]></document>
		<document><![CDATA[Short thread https://t.co/0Suxj3BJCL]]></document>
		<document><![CDATA[@AliceDreger mine is reading Catch 22 and The Rise and Fall of the Third Reich. These are weird and scary times.]]></document>
		<document><![CDATA[And...last one: 
https://t.co/C1g6J2kwDr]]></document>
		<document><![CDATA[More from the kid: 
https://t.co/Y406uzfIW2]]></document>
		<document><![CDATA[My kid sends me the best things: 
https://t.co/CDaBVtc8s5]]></document>
		<document><![CDATA[@petermblair when told 5yr old figured out repeating brackets in his coding app: "Okay, I'm not there yet"

Me: *di… https://t.co/rbHIDzlMu1]]></document>
		<document><![CDATA[Does anyone have a list of the "others" that were also killed. You know the non Americans, who are also people? https://t.co/q1nAUvXlD2]]></document>
		<document><![CDATA[Where are the tweets about this @POTUS? https://t.co/6WQS1iONwL]]></document>
		<document><![CDATA[@GinnySheller glad you got answers. As someone with depression I know how awful amd hopeless it can feel.]]></document>
		<document><![CDATA[This is why when I spell my name I say 'Katharine, like Hepburn' https://t.co/hmDk4AzclL]]></document>
		<document><![CDATA[To those of you talking about fleeing to Canada, a caution: it is not the mecca of empathy and good governance you… https://t.co/qNwKg5f4FF]]></document>
		<document><![CDATA[@arealliveghost I was told Reid met a lady &amp; watched a whole season to see it. I think it was the wrong season but didn't care because Reid.]]></document>
		<document><![CDATA[Still taking voice-mail messages. Super easy. Make yourself heard. https://t.co/gBF5bZZA6U]]></document>
		<document><![CDATA[This year's 100 books goal is focused mostly on minority voices &amp; non-fiction about minority experience. So rewardi… https://t.co/tXIKokdJBL]]></document>
		<document><![CDATA[Yes! And oh God, no. https://t.co/38WDI3VXHO]]></document>
		<document><![CDATA[Go @NancyPelosi! More like this please @TheDemocrats https://t.co/iZbEjkVJeP]]></document>
		<document><![CDATA[@laurenduca hey hey, my homeschooled second grader watched that particular episode of Drunk History. He could do much better than that.]]></document>
		<document><![CDATA[@MillerMort hey man, we need this win right now.]]></document>
		<document><![CDATA[Slug city. https://t.co/ofsQcLgHfW]]></document>
		<document><![CDATA[@papertimelady I'll just leave this here. https://t.co/nbyi0rgbEk]]></document>
		<document><![CDATA[Holy shit.  As a Canadian this is crazy. Why did I move my kids somewhere where universities have police and give t… https://t.co/O5TTvAFPgt]]></document>
		<document><![CDATA[Physics with plumbing and pop bottles. https://t.co/Rw9gZN6mxn]]></document>
		<document><![CDATA[Did a barre workout this morning and now I'm wearing a long-sleeved tee that is a size too small. I'm a strict diet away from ballet stardom]]></document>
		<document><![CDATA[The kids just watched @JenKirkman and @DonCheadle on drunk history and now they have some thoughts for trump.
https://t.co/hgh9g5mIOm]]></document>
		<document><![CDATA[POTUS statement for Black History Month: Black people, big impact. https://t.co/Vv2IBTZEY9]]></document>
		<document><![CDATA[Delegated last night's bake to the kid. Not bad. https://t.co/HcwrpxXGOa]]></document>
		<document><![CDATA[In other words he's still not ready to listen. https://t.co/hMsNy6A4dS]]></document>
		<document><![CDATA["Get out of my country"
https://t.co/uDJEjnljkN]]></document>
		<document><![CDATA[This fucking guy https://t.co/yH6XG32wTn]]></document>
		<document><![CDATA[Let's report all news against the juxtaposition of what trump was doing at the same time. https://t.co/5lNubAWkfc]]></document>
		<document><![CDATA[Note to self: babies are terrible at shelling  garbanzos. https://t.co/HVt6wEOGI0]]></document>
		<document><![CDATA[@RonFunches no shit this is unreal. My 14 yr old has been showing us pics over the months amazed. She is inspired. So am I.]]></document>
		<document><![CDATA[Real talk: look up the origin of spade then never use it again. https://t.co/gkO5j28uCs]]></document>
		<document><![CDATA[@caryaspinwall have forwarded this to my husband, a FB engineer on a completely different project. Also, great avatar.]]></document>
		<document><![CDATA[Observation: immigrants are better able to fill tech jobs because our universities are cheap, loans plentiful &amp; sch… https://t.co/5ZFOWdWcpR]]></document>
		<document><![CDATA[At some point someone is going to look past the selfies and the tweets and realise Canada is pretty shit too. https://t.co/HDa3G1kEiu]]></document>
		<document><![CDATA[@simoncott there is a real nugget of fun in that toward the end if you stick with it. Moral of the story: don't have sex in vans?]]></document>
		<document><![CDATA[@meakoopa @JDiamond1 I found the handsome.]]></document>
		<document><![CDATA[Hey Canada, UK, if Harley Davidson can say they don't want him to visit why can't you? https://t.co/MO0zbKmIF7]]></document>
		<document><![CDATA[Teen is reading Catch 22. She is infuriated. "But what? Why? What is the matter with this book?". The 14 yrs that led to this were worth it.]]></document>
		<document><![CDATA[People balk when they find out we don't teach the kids to read/write. This is what the 5yr old has taught himself t… https://t.co/rCaRvsSV0D]]></document>
		<document><![CDATA[The answer is yes. Please become a sanctuary city. https://t.co/PFLZ0yZkIC]]></document>
		<document><![CDATA[Thank you @SenFeinstein! https://t.co/qg5ZhKRAGB]]></document>
		<document><![CDATA[1. Leak forthcoming EO
2. Americans people and Press discuss why it will be wrongheaded
3. Cancel EO
We can do this… https://t.co/3V0wxg1YxU]]></document>
		<document><![CDATA[User that time to call, write, make your voice heard. https://t.co/FZpnDwtTQQ]]></document>
		<document><![CDATA[Scary numbers in here for us @petermblair https://t.co/JsFjY4SVlT]]></document>
		<document><![CDATA[So after the 8 year old girl then? https://t.co/ulqcAq10Ox]]></document>
		<document><![CDATA[And calls it a ban. https://t.co/FW8fVHwl4J]]></document>
		<document><![CDATA[Looking for similar stands from Canadian  ministers in the morning. https://t.co/XWOY3X9GsJ]]></document>
		<document><![CDATA[This better be true. https://t.co/tdm7YbdSQA]]></document>
		<document><![CDATA[Fellow Valley dwellers:
The Muslim Community Association of the Peninsula is having an open mosque day. Maybe go?… https://t.co/2mNb4JXBCB]]></document>
		<document><![CDATA[@SenateDems this is not going to win you points with your electorate. If there is strategy here we don't understand… https://t.co/xyT3Ogclg7]]></document>
		<document><![CDATA[Anyone surprised he wouldn't know this or care? https://t.co/9KsvSBr7pM]]></document>
		<document><![CDATA[Would love to see @SallyQYates holding up a LAWYER sign in an airport tomorrow.
#resist]]></document>
		<document><![CDATA[@WordPerv @stevieedwards87 he was amazed. I answered with "you probably also run at night". He was stunned. I swear they just don't see it.]]></document>
		<document><![CDATA[Sent an email via the form. Easily worth two minutes to thank Sally Yates for standing up for all of us. https://t.co/qNEBgIIT5p]]></document>
		<document><![CDATA[Tentatively hopeful https://t.co/Twzizp9767]]></document>
		<document><![CDATA[Hey @jonfavs @jonlovett @TVietor08 any chance of a shirt in a women's xs? The kid introduced me to the show and would love a tee.]]></document>
		<document><![CDATA[This is too fucking late but you know what? Today I'll take it. https://t.co/uf6LWYvD9w]]></document>
		<document><![CDATA[Even some with a little extra sign making elbow room. https://t.co/Vrjo03cyIh]]></document>
		<document><![CDATA[They want so badly to be liked. Keep expressing anger in massive numbers and we might be able to save this thing. https://t.co/aKnp7T5k7m]]></document>
		<document><![CDATA[This is a really well thought through list. More than just call your reps. https://t.co/JyKVDKNRdK]]></document>
		<document><![CDATA[BRB ducking out for more markers and bristol board. Seems like we're not done yet. https://t.co/GL3Dt0Gvy4]]></document>
		<document><![CDATA[@WordPerv @stevieedwards87 had this convo with friend recently. He mocked me for running with headphones. Hadn't imagined I'd get catcalled.]]></document>
		<document><![CDATA[Even this 19° January day isn't distracting me from the shit show that is the president. The bike ride in shorts was nice though.]]></document>
		<document><![CDATA[In these scary days it is so great to see the people who write my kids favourite books stepping up
@rainbowrowell
@camphalfblood
@jk_rowling]]></document>
		<document><![CDATA[Do you have a 5yr old? I've had 4 of them and they are devious as shit. And their bomb making skills? Unreal.… https://t.co/ggWSJusHZd]]></document>
		<document><![CDATA["We tried,  why isn't that enough for you?!" So fucking needy these guys. https://t.co/53TsxPvLjd]]></document>
		<document><![CDATA[Hey @NFL maybe funny Putin sorry isn't your best look right now. https://t.co/PE1TPA1Oxs]]></document>
		<document><![CDATA[Did a stupid Barre workout this morning in an effort to make my knees not hate me and now my arms are jello AMA.]]></document>
		<document><![CDATA[Maybe just go with intended. https://t.co/LpqKIv8nMf]]></document>
		<document><![CDATA[@dana_mount can you find a way to append this gif to papers when you are grading? Might save you time. https://t.co/bIjvmqJ3MM]]></document>
		<document><![CDATA[Contests to @eLLiejG for making it onto the rabbit shirt!
 https://t.co/60clTQZRPE]]></document>
		<document><![CDATA[Such is the depth of his inhumanity. https://t.co/R558oqaQpw]]></document>
		<document><![CDATA[Thank you! https://t.co/CcN180nkEc]]></document>
		<document><![CDATA[This shit writes itself https://t.co/LjwwgADyOz]]></document>
		<document><![CDATA[Fucking hell. https://t.co/Hd1lpBsIkP]]></document>
		<document><![CDATA[100%. Books &amp; movies allow us to experience the world through someone else's eyes. Books &amp; movies teach empathy acr… https://t.co/QWjeBaaPA6]]></document>
		<document><![CDATA[This. https://t.co/wrtQLT91qM]]></document>
		<document><![CDATA[Cute idea but they'd have to move the jobs too. Ex: FB has no engineering positions in Canada. Are they committing… https://t.co/2K7JfBTnm4]]></document>
		<document><![CDATA[@davidwilemski that's what makes ultrarunning my favourite. Watching them do it day after day is unreal.]]></document>
		<document><![CDATA[@davidwilemski did you see Mike Wardian's times for the 7 on 7 race? Sub 3 for all of them.]]></document>
		<document><![CDATA[Serious inquiry: any good job prospects outside of the US for @petermblair? Accepting any and all leads. https://t.co/SsKmJNxKqb]]></document>
		<document><![CDATA[Small glimmer of hope today when the idea strikes that this could finally lead to an FB engineering office in Canada.]]></document>
		<document><![CDATA[And add problems for citizens as well https://t.co/LOCgCj2ZUY]]></document>
		<document><![CDATA[As in legal visa holders would have tried to return home? https://t.co/kvu6eBgmrM]]></document>
		<document><![CDATA[Thread https://t.co/UoKk2DC91C]]></document>
	</documents>
</author>