<author lang="en">
	<documents>
		<document><![CDATA[F A N C Y | C A S U A L 
How to upgrade your undone look, as done by @louisadickson6. Full… https://t.co/9Vh4ihGY3C]]></document>
		<document><![CDATA[K I L L I N | I T 
About this weekend... and this year so far... 2017 I'ma eat you up 😜🔥💪… https://t.co/oHVMzdpuBt]]></document>
		<document><![CDATA[H O T | H A I R 
In this scorching Sydney summer, I can't survive with hair touching my neck!!… https://t.co/O3jHjBo8cq]]></document>
		<document><![CDATA[K U N G | H E I | F A T | C H O I 
Happy Chinese New Year 🐔 
#chinesenewyear #yearoftherooster… https://t.co/Y4vbjWMqC6]]></document>
		<document><![CDATA[G R E E N | &amp; | G O L D 
This is where our national colours come from (mostly used for sporting… https://t.co/fnjomQ7ClW]]></document>
		<document><![CDATA[I S L A N D | H O M E 
Happy hottest 100 day. https://t.co/em4NHwhHiq]]></document>
		<document><![CDATA[B E T T E R | T O G E T H E R 
#womensmarch #united #bettertogether https://t.co/xmLGiBWWKh]]></document>
		<document><![CDATA[F L A M E R 
Subtle rosy shades courtesy of kaitlyndotcom  at desmondandmollyjones 💗 #pinkhair https://t.co/xiZS0tGfv0]]></document>
		<document><![CDATA[1 6 / 1 7 
This time last year when I was living in Hong Kong and achieving my goal (many times… https://t.co/eGS8123ZGI]]></document>
		<document><![CDATA[R O S Y 
Girly Sunday vibes. 
#pink #rose #blush https://t.co/4UjjEpxVYC]]></document>
		<document><![CDATA[G U C C I | G A N G 
#tbt to that time I shot the Kanye Pop Up in Sydney for @vogueaustralia… https://t.co/xDBpwmTsSn]]></document>
		<document><![CDATA[S W E L T E R 
40 degree weather calls for the lightest of summer dresses. #summer #heatwave @… https://t.co/5wsF5GMu5s]]></document>
		<document><![CDATA[S T R E T C H 
Coastal walk to stretch the legs into 2017. @ Bronte Beach https://t.co/rgSnpEOu78]]></document>
		<document><![CDATA[P E A C E 
See ya later 2016. You were pretty good to me but shitty to the world. Here's to less… https://t.co/P5G7zbpFGl]]></document>
		<document><![CDATA[N E W 
Fresh hair and earrings ❤️ Christmas came early thanks to palomarosegarcia! What an… https://t.co/yFiOV7nXFO]]></document>
		<document><![CDATA[R E P E A T | O F F E N D E R 
Hot weather has be in this dress daily. It also has me posting… https://t.co/NTr1h1A41f]]></document>
		<document><![CDATA[F E S T I V E 
Christmas is getting so close!!!! It's my favourite time of year - so it makes me… https://t.co/PYoPkkShpi]]></document>
		<document><![CDATA[S P O N T A N E O U S 
sun sand sea. 💙 @ Rose Bay Beach https://t.co/DWr4AmoTJj]]></document>
		<document><![CDATA[L E T S | H A N G 
#tbt to #mbfwa and one of my absolute favourite outfits. I'm also thinking of… https://t.co/G8WVxOSt52]]></document>
		<document><![CDATA[O N E | Y E A R 
twoinamillionblog from this time last year... another loop around the sun has… https://t.co/qbVDq1HK8H]]></document>
		<document><![CDATA[S U M M E R | V I B E S 
Off to a Christmas party! It really is the most wonderful time of the… https://t.co/HtAlT2KPAO]]></document>
		<document><![CDATA[Y E W ! 
That's Wednesday done. Rock on right through to the weekend à la elle_ferguson… https://t.co/eUf3d0qliM]]></document>
		<document><![CDATA[W E D N E S D A Y | W A S H 
New post up on the blog featuring the beautiful new @bondiwash… https://t.co/xjUEehpqPp]]></document>
		<document><![CDATA[SPACES: Bondi Wash https://t.co/2IBu8GaCPo on @bloglovin]]></document>
		<document><![CDATA[Chatting with Bondi Wash founder Belinda Everingham about her new Bondi store]]></document>
		<document><![CDATA[B L A C K | F R I D A Y 
Not sure I will actually shop, but I will definitely wear black. Still… https://t.co/KCJ8i3QJH1]]></document>
		<document><![CDATA[F R E S H 
Love the fresh colour, hate my selfie abilities. They're non-existent. 💆🏼 #blondeasian https://t.co/h5txWqrbL4]]></document>
		<document><![CDATA[T H A T | B O N D 
Mumma and daughter moment captured recently for @fijiwater at polointhecity.… https://t.co/Cui2ssfB99]]></document>
		<document><![CDATA[F R E S H 
Crispy cream on liz_dixie at polointhecity. #streetstyle #polointhecity https://t.co/RWFSm3iFug]]></document>
		<document><![CDATA[I T ' S | P E R S O N A L 
@katewaterhouse7 in her gorgeous personalised boater and @ZIMMERMANN_… https://t.co/fbjZAiurVX]]></document>
		<document><![CDATA[S U A V E 
'Tis the season! And that means Christmas parties are coming up. Ideas for dudes on… https://t.co/aWm3Lw0xtg]]></document>
		<document><![CDATA[best dressed: melbourne cup men with gq https://t.co/Z3h9j8oI0V on @bloglovin]]></document>
		<document><![CDATA[E S C E N T I A L 
Spent a lovely morning today with @bondiwash talking about all things smelly… https://t.co/JLcMRkImRW]]></document>
		<document><![CDATA[F I R E 
Bright sunlight and a lioness mane at @made on the weekend, after the @FAITH_CONNEXION… https://t.co/h1PdSyUDlu]]></document>
		<document><![CDATA[E S C E N T I A L 
Spent a lovely morning with @bondiwash at their new store, talking about all… https://t.co/RSkzmpzeTX]]></document>
		<document><![CDATA[S P E W T O W N 
Newtown festival happy times with charrose, a true, OG humansofnewtown gal. https://t.co/LSLlEMKyuG]]></document>
		<document><![CDATA[L E S T | W E | F O R G E T 
At the going down of the sun and in the morning, we will remember… https://t.co/OatRaJzLEB]]></document>
		<document><![CDATA[I | G O T | Y O U 
Never a better time for a girls weekend. For a few trendy style tips from… https://t.co/7GmW3UvyyZ]]></document>
		<document><![CDATA[5 MINUTES WITH: LIZ SUNSHINE ON MELBOURNE CUP https://t.co/p4mPK4OwFE on @bloglovin]]></document>
		<document><![CDATA[Liz Sunshine wraps up the fashion spotted at this year's Melbourne Cup]]></document>
		<document><![CDATA[Q U E E N 
Crowns for my ladies. Or if you're @pip_edwards1 you get 2 of them from dream… https://t.co/LFeGJzjfuJ]]></document>
		<document><![CDATA[B E | T H E | L O V E 
Don't let the world burn now. Fight it with love. Reach out to your… https://t.co/psupVCmp8f]]></document>
		<document><![CDATA[Just posted a photo https://t.co/1sJgn8Jqib]]></document>
		<document><![CDATA[I N | Y O U R | S T R I D E 
Mid-week madness. Whatever comes your way (and whatever the US… https://t.co/6I8fndz74h]]></document>
		<document><![CDATA[W I N N E R
Have you seen my full style gallery from Melbourne Cup? It's up now on the blog! 
📷:… https://t.co/G9D9rleu3R]]></document>
		<document><![CDATA[R E D | Y E L L O W | B L U E 
From a recent shoot where I assisted jasonhenleyco for… https://t.co/qka5vobjnN]]></document>
		<document><![CDATA[S O | B R I G H T 
Shine your torch so bright it's glary. Like charrose and her self-made… https://t.co/P7rSbIYO63]]></document>
		<document><![CDATA[P A I R | U P 
Weekends are for girl friends and partners in crime. twiceblessed_ know what I… https://t.co/kHDkdkcF9j]]></document>
		<document><![CDATA[S T Y L I S H | D U D E S 
While I was at Melbourne Cup, @streetsmithmelb and I also captured… https://t.co/oQrG8F0zx4]]></document>
		<document><![CDATA[R E S U L T 
From a recent shoot assisting my favourite creative duo jasonhenleyco and… https://t.co/KfFr8h0EQ4]]></document>
		<document><![CDATA[T H E | O R I G I N A L 
One of my very first favourite models, louisevandevorst repping my… https://t.co/6mlUmzCMF1]]></document>
		<document><![CDATA[BEST DRESSED: MELBOURNE CUP https://t.co/upZwbgjoHP on @bloglovin]]></document>
		<document><![CDATA[R O Y A L 
Jess Dempsey from @WatWouldKarlDo knows that regal fashion is dark florals.… https://t.co/wWMBUQvZi6]]></document>
		<document><![CDATA[F L O U R I S H 
It's hard to beat one of my all time faves @zanitazanita wearing one of my all… https://t.co/0p4P2WiX0F]]></document>
		<document><![CDATA[T H E | C O M E B A C K 
Haven't seen gorgeous @bechewitt around for a while, but was overjoyed… https://t.co/C5ph72aQLH]]></document>
		<document><![CDATA[S T A N D | O U T 
One of the standout designers of this year's Spring Carnival has definitely… https://t.co/XOhdMalp4D]]></document>
		<document><![CDATA[B E S T | I N | S H O W 
My favourite look from today's Cup Style! teneillef wearing… https://t.co/aAbqIeKEh6]]></document>
		<document><![CDATA[P E A C E | O U T 
Catch ya later Melbourne. It's been real. Big humungous thanks to lizsunshine… https://t.co/jZqFusSBiC]]></document>
		<document><![CDATA[W R A P P E D | U P 
jodigordon looking dreamy at Derby Day in @jonathansimkhai dress and… https://t.co/kFQ0ypWuw6]]></document>
		<document><![CDATA[DERBY DAY https://t.co/jHwL04nf1i on @bloglovin]]></document>
		<document><![CDATA[H A P P Y | H A L L O W E E N 
Hope everyone has enjoyed the spooky celebrations as much as me… https://t.co/eO67DuXsaC]]></document>
		<document><![CDATA[W E L C O M E 
laurenlouisa is such a great host Melbourne feels all homely already! @ Brunswick https://t.co/lJ9qTUNrPw]]></document>
		<document><![CDATA[B A D D I T U D E 
I work through the week. I work through the weekend. I work hard, work hard… https://t.co/4IxQnnVbwh]]></document>
		<document><![CDATA[SPRING RACING STYLE TIPS https://t.co/RVGkDeYmCy on @bloglovin]]></document>
		<document><![CDATA[Spring Racing Style Guide]]></document>
		<document><![CDATA[L O B S T E R | H A I R 
Another of my favourite redheads, charrose on a recent collaboration.… https://t.co/kTb6X5SsdN]]></document>
		<document><![CDATA[T H E | B A G 
Another delightful iteration of the #Dionysus. Shot in Sydney for… https://t.co/UqBTFKBYxM]]></document>
		<document><![CDATA[P I N K | L A D Y 
Babes in blush. gingi_j shot and styled by me, makeup by baileydelbigiocreative. https://t.co/ZN6Rqx9WAS]]></document>
		<document><![CDATA[N I C E | V I E W 
Looking forward to the weekend! #friyay #springracing https://t.co/sHQjq39RaD]]></document>
		<document><![CDATA[L E T S | G E T | D O W N 
... to business. #hellomonday. centenera winning that game. 
#mbfwa… https://t.co/qKtWXjApxV]]></document>
		<document><![CDATA[P L A Y
#tbt to that time I made a film for school featuring fenellamilling wearing… https://t.co/qbbo6DGx4j]]></document>
		<document><![CDATA[S E A | A R T | B U Y | A R T 
I'm so happy that my dear friend melindasaurus has launched an… https://t.co/0UyYHnnTak]]></document>
		<document><![CDATA[R A C E | M E 
Head to the @streetsmithmelb website now to see my rundown of… https://t.co/TqIAiZZW0D]]></document>
		<document><![CDATA[F A N C Y 
Fresh hair and all dolled up yesterday at the races. Wearing @ZIMMERMANN_ dress and… https://t.co/2DyvUeV3g2]]></document>
		<document><![CDATA[T H E R A P E U T I C 
After two days of serious liquid-therapy my heart feels incredibly full.… https://t.co/HCULS1dBE3]]></document>
		<document><![CDATA[L A T E R ! 
Catch ya later Sydney I'm off for the long weekend! #vacay #longweekend… https://t.co/zoSOgRZ8FG]]></document>
		<document><![CDATA[G L U E D 
Happy birthday eyabs!! I'm so glad my sister and I have such a strong bond. Female… https://t.co/yNn9tUyhdl]]></document>
		<document><![CDATA[S C R E E N | T I M E 
#tbt to twoinamillionblog at #mbfwa back in May. #streetstyle https://t.co/NXXMV2Vh4T]]></document>
		<document><![CDATA[C O N V O
Colourful conversations were had by all earlier this year at #mbfwa! 
#tbt #streetstyle https://t.co/voYHPx8ncr]]></document>
		<document><![CDATA[L A D Y | B O S S 
Had the glorious privilege of meeting the creator of this jacket (a smash hit… https://t.co/pvstu7Zlag]]></document>
		<document><![CDATA[H E L L O | W E E K E N D 
Springtime is here and it's glorious. @crimsondunstan1 spotted at… https://t.co/7b9xaaQFO8]]></document>
		<document><![CDATA[S C E N T U A L 
museummagazine NOSES issue launch was the perfect event for me to shoot - those… https://t.co/TTo4SHWw0H]]></document>
		<document><![CDATA[V A C A Y 
If rather be in Hawaii. @jodykoay knows what I mean. #streetstyle #MROnTheStreets @… https://t.co/f7L6RHfrFV]]></document>
		<document><![CDATA[E S C A P E 
Best weekend away at wombat_hollow #wombathollow #southernhighlands @ Wombat Hollow https://t.co/aKy76y1q7z]]></document>
		<document><![CDATA[S W I N G
Heading into the weekend with a little skip and a spring in my step - it's going to be… https://t.co/xgpa4sI70K]]></document>
		<document><![CDATA[R U O K ? 
Today is the day. Remember that everyone is battling their own demons and sometimes… https://t.co/6ruSjGZRLx]]></document>
		<document><![CDATA[R U O K 

MEET ME AT THE BEACH IN THE MORNING! 

Tomorrow is @ruokday - a reminder to all of us… https://t.co/2uWsQsVpmW]]></document>
		<document><![CDATA[V O G U E 
Tonight I will be shooting Vogue Fashions Night Out in Sydney with ausfashionlabels!… https://t.co/l7giQFC71X]]></document>
		<document><![CDATA[S P R I N G | C L E A N 
Sydney is glorious today, giving Spring a beautiful reception. Image… https://t.co/kcfAQuzLj8]]></document>
		<document><![CDATA[G L O W 
Shine through all parts of your life this Monday morn. #streetstyle #MROnTheStreets https://t.co/UdaUGL4i5V]]></document>
		<document><![CDATA[H I G H | L O W 
High end loafers by @gucci somehow looking perfectly at home among the… https://t.co/ZZI0qQCCW2]]></document>
		<document><![CDATA[W O R K | I T 
Recently shot @pip_edwards1 for broadsheet_syd while she trained in one of her… https://t.co/WfmBt07lKC]]></document>
		<document><![CDATA[B L U S H 
Today's work: assisting insanely talented photog and stylist duo jasonhenleyco and… https://t.co/nV4bXRu3Jz]]></document>
		<document><![CDATA[G R R R 
Outtake from the #Pablo pop up in Sydney #kanye #MROnTheStreets #streetstyle @ PACIFIC… https://t.co/F2Mmnwvh3R]]></document>
		<document><![CDATA[W A G G I N G | W O R K 
Skiving off, bunking off, ditching... Whatever you want to call it.… https://t.co/tIcR4iJBeA]]></document>
		<document><![CDATA[B O N D I | B A B E 
Another of my favourites from the archives! Caela sporting a typically… https://t.co/WMiNSzTKW0]]></document>
		<document><![CDATA[S T I L L
#tbt to one of my all time fave images from last year's fashion week: @nataliecantell… https://t.co/qU4TMOTbAa]]></document>
		<document><![CDATA[U P | T O P
Killer basics plus beanie. fisunka is another fan of all black. #streetstyle… https://t.co/pChcX9x87p]]></document>
		<document><![CDATA[S T E P P I N G | O U T 
Midday errands time (read: long lunch). faceofgeorgia wearing… https://t.co/qTVaxmPL7t]]></document>
		<document><![CDATA[C H I L L 
Even when it's warming up, black is still reliable. Elizabeth theiconic wearing… https://t.co/tjyqU9cntu]]></document>
	</documents>
</author>