<author lang="en">
	<documents>
		<document><![CDATA[@darrenkerwin it's a pooey world we live in these days, huh]]></document>
		<document><![CDATA[200 million day old male chicks are literally ground up ALIVE a year, or suffocated/gassed, just because they're no use to the egg industry.]]></document>
		<document><![CDATA[More chickens are born and killed for food than all other land animals combined - that is insane. We seriously need to kerb this habit.]]></document>
		<document><![CDATA[@darrenkerwin Turning a blind eye to everyday torture doesn't help though when the majority of folks don't know/don't care :(]]></document>
		<document><![CDATA[Been watching upsetting videos about chicken farms &amp; slaughterhouses tonight. How on earth are they not considered animal cruelty?!]]></document>
		<document><![CDATA[@GenkiVideoGames @bicepsnikes Any problems give me a shout! :)]]></document>
		<document><![CDATA[Yup I've ordered one, too cute to resist.. #ZeldaBreathoftheWild https://t.co/1HdB3EG5Sx]]></document>
		<document><![CDATA[@j_monster Sounds like a fair deal to me :D]]></document>
		<document><![CDATA[@almostgames @RPG_Angel That figma is awesome!]]></document>
		<document><![CDATA[So happy to see lots of you loving the new #pixelart animated intro! Here's the link if you haven't seen already: https://t.co/DMGuhFj1MG]]></document>
		<document><![CDATA[@_AlexCalvin Right I need to get on that then - how long did it take?]]></document>
		<document><![CDATA[The best thing seen today award goes to: https://t.co/tJa0UGqZMx]]></document>
		<document><![CDATA[@_AlexCalvin I need to do this - let us know how it goes!!]]></document>
		<document><![CDATA[@Shiroth Yay!! I love it too :D]]></document>
		<document><![CDATA[And here it is! https://t.co/fcr92LuSKF]]></document>
		<document><![CDATA[My new channel update vlog goes live in 15mins featuring my brand spanking new pixel animation - HYPE! https://t.co/LEziD5ZrmL]]></document>
		<document><![CDATA[@Shiroth I think I dropped something.. Not really sure..]]></document>
		<document><![CDATA[@KaiserPR31 Hey there! Hope you're having a great weekend (or what's left of it!!)]]></document>
		<document><![CDATA[@daniellamlucas That is wonderous!]]></document>
		<document><![CDATA[By far the best video still I've ever taken. https://t.co/1vHrQsioU2]]></document>
		<document><![CDATA[@madebyluke Whaaat? Offended now that I didn't get a £10 voucher for my Argos Switch pre-order! :P]]></document>
		<document><![CDATA[@madebyluke £25 is good - where was that from? But agree £20 RRP would be good as standalone, but better yet pack-in]]></document>
		<document><![CDATA[@madebyluke I just can't see who is going to fork out £40 for it as it stands on launch]]></document>
		<document><![CDATA[@automatom Yeah totally]]></document>
		<document><![CDATA[I can't help feeling if 1-2 Switch had been announced in a WarioWare skin I would have been happy to buy it standalone. But not like this.]]></document>
		<document><![CDATA[@kateburning It's really not all that sadly.. :/]]></document>
		<document><![CDATA[@Shiroth Thanks for the RT dude :)]]></document>
		<document><![CDATA[Listening to @dexbonus play a horror game while I'm doing work work - such squeals!]]></document>
		<document><![CDATA[@NorthIsOfficial What kind of thing do you like?? :)]]></document>
		<document><![CDATA[If you missed it here's my sweet sweet review of #Yakuza0. It's all about UFO catchers &amp; king of disco, Majima: https://t.co/skZv7bBkNK]]></document>
		<document><![CDATA[@NorthIsOfficial Haha thanks very much, I was watching truly awful anime until 2am, so feeling your pain :P]]></document>
		<document><![CDATA[@TaylorsShelf Thanks dude, hows it going? :)]]></document>
		<document><![CDATA[It's time to get my life admin in check. First step - bullet journal ordered (isn't it pretty?!) https://t.co/9clrYSGdHj]]></document>
		<document><![CDATA[There aren't many games where you can pop down to the UFO catchers after smashing someone's skull into the pavement https://t.co/skZv7bBkNK]]></document>
		<document><![CDATA[Sneaky peek of my new animated pixel intro for my YouTube channel, by the fantastic Lucile (https://t.co/D4xGRLBWxW) https://t.co/dgJJh4fAsy]]></document>
		<document><![CDATA[Can't tell if Zelda looks awesome, or if her eyes are saying "I smile, but really I'm dead inside". https://t.co/pZo1CI1QtQ]]></document>
		<document><![CDATA[@Ninjayetti Haha I'm hovering on that check-out right now..]]></document>
		<document><![CDATA[@mandlecreed So dangerous.. It would be wrong not to have a full set, no?]]></document>
		<document><![CDATA[@seven5three I mean.. there's always that sneaky overdraft..]]></document>
		<document><![CDATA[@seven5three There's always that sneaky overdraft..]]></document>
		<document><![CDATA[Those #ZeldaBreathoftheWild amiibos.. I mean, you can't possibly just order one, can you?! https://t.co/JdTfkygHrf]]></document>
		<document><![CDATA[I gave in to the #FireEmblemHeroes hype and chose Ike...
https://t.co/wUmpaWDNXR
#FEChoose]]></document>
		<document><![CDATA[Such pretty pixels https://t.co/ms8FMjfCQx]]></document>
		<document><![CDATA[@JasperBoerstra This is beautiful - love it! :D]]></document>
		<document><![CDATA[So much Chrom = so much YES #FireEmblemWarriors https://t.co/N1xryFfX6a]]></document>
		<document><![CDATA[@TaylorsShelf Feel like us FE fans are getting absolutely spoilt right now, especially after getting TMS FE localised! Good times :D]]></document>
		<document><![CDATA[@seven5three Haha I'm wiling to bet you're right on that one :P]]></document>
		<document><![CDATA[@dmseto You tease! :P]]></document>
		<document><![CDATA[@ShogunRok I've got big dreams :P]]></document>
		<document><![CDATA[Still think #Xenoblade2 looks amazing. Would be even more amazing if they truly make the 2017 release. https://t.co/7hXIxPmoEX]]></document>
		<document><![CDATA[@demon244 Great so far! Although I have been largely distracted by all the mini-games and subplots.. As always! :P]]></document>
		<document><![CDATA[@danny_saya Nope not out here yet, but I'm reviewing it for my channel :)]]></document>
		<document><![CDATA[Just a quick #Yakuza0 check-in for you guys, nothing unusual here... #PS4share https://t.co/b6oXpUf0cX]]></document>
		<document><![CDATA[You'd think Kiryu would live in a more badass neighbourhood, but here he is with the town kitten #Yakuza0 #PS4share https://t.co/GUy2ocsaTi]]></document>
		<document><![CDATA[@NateHawke Haha that's the spirit! So long as they keep releasing games like Xenoblade, I'll keep on throwing money at them.. :P]]></document>
		<document><![CDATA[@NateHawke Haha, ever the optimist! But tbh, I fear the same.. It wouldn't be so bad skipping it, if it wasn't for Splatoon 2..]]></document>
		<document><![CDATA[@daveisbored Would be add up to be quite pricey, especially if it's just NES/SNES games that come free which disappear after a month]]></document>
		<document><![CDATA[How much are we thinking for the #NintendoSwitch Online Services? £5.99 monthly like Xbox &amp; PlayStation? Less? https://t.co/lx0ZfETz7c]]></document>
		<document><![CDATA[@NihongoGamer Haha know that was a bit left-field :P Hope you're doing well anyway!]]></document>
		<document><![CDATA[@NihongoGamer Hey dude, random one, but do you by chance know any amazing Tokyo-based Japanese baristas, calligraphers or inkan makers?]]></document>
		<document><![CDATA[@zipmon Haha exactly, the karaoke mini-games are fun too :P]]></document>
		<document><![CDATA[There's even nerdy dudes giving out tissues! Haha #Yakuza0 #PS4share https://t.co/Aunr33ELXY]]></document>
		<document><![CDATA[Even just walking around Tokyo in #Yakuza0 is awesome! #PS4share https://t.co/X8DWU6lgAw]]></document>
		<document><![CDATA[We talk hardware, pricing and "where the hell is #AnimalCrossing" in this #NintendoSwitch podcast https://t.co/6j61msFOLv]]></document>
		<document><![CDATA[@LinearLoveStory are they guaranteeing Day 1 do you know?]]></document>
		<document><![CDATA[Anyone know a UK retailer still doing Day 1 #NintendoSwitch preorders (Neon?) Amazon just broke me with their week 2 delivery confirmation..]]></document>
		<document><![CDATA[Good luck @Swery65 with White Owls! https://t.co/5sKygYl0ea]]></document>
		<document><![CDATA[@mandlecreed Yes! Althought it was a bit of a rollercoaster of emotions, so not sure I could go through it again straaaight away]]></document>
		<document><![CDATA[@LotsaNintendo Pretty sure it's modern day, because she had an iphone, but yes it did give off a real 60s vibe which I loved :)]]></document>
		<document><![CDATA[@LotsaNintendo I can try?]]></document>
		<document><![CDATA[Just been to see #LALALand - it's so good! Just as wonderful as they all say. Whoever "they" are.]]></document>
		<document><![CDATA[@scully1888 That's awesome!]]></document>
		<document><![CDATA[@Seedy87 @scully1888 What a day to be alive]]></document>
		<document><![CDATA[@Shiroth I knew the Switch was worth buying]]></document>
		<document><![CDATA[YES!!! REGION FREEE!! YEEEES!! https://t.co/OpEi5sVqfj]]></document>
		<document><![CDATA[Here's a lovely podcast about the #NintendoSwitch presentation featuring @SpaceKappa &amp; @RyanAPage : https://t.co/6j61msFOLv]]></document>
		<document><![CDATA[Words can't describe how much I would love to attend this #HatofulBoyfriend exhibition in Osaka: https://t.co/AKMKJjWE3r]]></document>
		<document><![CDATA[@ThatsMyChad Hope you drank it with milk!]]></document>
		<document><![CDATA[@TheKlotzNet @SpaceKappa @RyanAPage It'll be up on my YouTube *hopefully* tomorrow (but is essentially audio only anyway)]]></document>
		<document><![CDATA[@zipmon Just been listening to your soundcloud - so lovely &amp; calming!!]]></document>
		<document><![CDATA[Currently editing the #NintendoSwitch podcast I recorded with @SpaceKappa &amp; @RyanAPage last night - so much fun! Thanks for joining us Joe!]]></document>
		<document><![CDATA[@j_monster Ahh course I am! A home console Zelda I can play on my long commutes is a dream come true]]></document>
		<document><![CDATA[@seven5three @SpaceKappa I never noticed! That's cool :)]]></document>
		<document><![CDATA[@InvisableEwok Exactly! And SMT, Dragon Quest, Fire Emblem - not getting the lineup complaints at all. Pricing on the other hand.. :/]]></document>
		<document><![CDATA[@TLatshaw @DamienMcFerran @nintendolife Haha some say punctuation is important, I just say do what your heart tells you and hold Damo tight]]></document>
		<document><![CDATA[@DamienMcFerran @nintendolife How does it feel to hold Damo??]]></document>
		<document><![CDATA[Just re-watching that #ZeldaBreathoftheWild trailer. Holy sheeeeet guys!! https://t.co/JDE1szypaG]]></document>
		<document><![CDATA[@Shiroth Yes!! :D will change commutes forever :D]]></document>
		<document><![CDATA[@ThatsMyChad Yeah not a cheap hobby :/]]></document>
		<document><![CDATA[@j_monster nah pretty slim pickings but Xenoblade, Mario &amp; Splatoon &amp; Fire Emblem this year!!]]></document>
		<document><![CDATA[@ThatsMyChad mine was £280 on Amazon but then will probs pick up a few bits on GAME too, not sure about US]]></document>
		<document><![CDATA[#HYPE even if it was just a drawing haha https://t.co/Kw4YtMd2iJ]]></document>
		<document><![CDATA[So... I've pre-ordered this bad boy (with Zelda BOTW ofc) #NintendoSwitch https://t.co/5fc8y4JwE8]]></document>
		<document><![CDATA[So sad to hear @Guerrilla Cambridge is closing, sending love to all my bros in the #RIGS Crew - an absolutely amazing bunch]]></document>
		<document><![CDATA[@_get2sammyb what?!]]></document>
		<document><![CDATA[@sgch You'll definitely get more out of it, in terms of references (like any visual novel series, right?) but you done haaaave to.]]></document>
		<document><![CDATA[@Arkayla88 :O!! Congrats dude!!! Very exciting times ahead. Where abouts are you headed?]]></document>
		<document><![CDATA[@ThatsMyChad @RyanAPage OH LORD. Those background images. Also offended you think maynards would give you cancer.]]></document>
		<document><![CDATA[Oh so no more #Scalebound - that's sad :( https://t.co/8GUZIHO20x]]></document>
		<document><![CDATA[My rail line is down at the first whiff of a chance to jumb onboard the TFL strike wagon. Cheers @GNRailUK]]></document>
	</documents>
</author>