<author lang="en">
	<documents>
		<document><![CDATA[Creatine, I love you...]]></document>
		<document><![CDATA[I think most people would be quite envious of my reverse parking skills.]]></document>
		<document><![CDATA[First attempt at an egg white omlette #fail @ Salisbury https://t.co/ax5YhrCVOH]]></document>
		<document><![CDATA["This darkness is nothing but a lack of light
darkness before the dawn arrives..."
@holyholymusic Sentimental and Monday]]></document>
		<document><![CDATA[@DrMichaelMosley Strawberries &amp; raspberries 0 sugar? That's incredible to hear, thank you.]]></document>
		<document><![CDATA[@Franziipan @DrMichaelMosley I'm Australian, even we don't eat mangoes with the skin on (and we have the best in the world!) #hardcore]]></document>
		<document><![CDATA[@DrMichaelMosley, I'd love to hear your thoughts. Hard to get my head around this: https://t.co/3VGPkD2O4M]]></document>
		<document><![CDATA[@DrMichaelMosley Avo smash on sourdough...every cafe in Australia relies on it for half their income 😉]]></document>
		<document><![CDATA[Sooo, #POTUS that's an invasion then? Good luck with that...
 https://t.co/CBXvey7JOk]]></document>
		<document><![CDATA[Dear Australian media outlets:
We're over hearing about Nick Kyrgios.
Stop.]]></document>
		<document><![CDATA[@brisbanecityqld Large pile of waste vegetation on footpath. Toohey Rd/Salkeld St Tarragindi]]></document>
		<document><![CDATA[Thank God (or someone) for airconditioned buses #bneweather]]></document>
		<document><![CDATA[@GrahamPerrettMP I Melt With You on point in #moreton this morning 🔥🔥🔥]]></document>
		<document><![CDATA[Bravo Keith...
@KeithOlbermann offers an emotional apology to the world for 'traitor' @realdonaldtrump https://t.co/cZVlKbEqcg]]></document>
		<document><![CDATA[How to Make a Fluffy Egg White Omelet https://t.co/jYRyYa3IA6 via @macheesmo]]></document>
		<document><![CDATA[Oh Lordy I hope I'm never accused of #mansplaining https://t.co/gPIk99UVkY]]></document>
		<document><![CDATA[The more I hear @AmySharkMusic "Adore", the more I think it should've been #1 #hottest100 #rightinthefeels]]></document>
		<document><![CDATA[notashop_'s photo https://t.co/6TuXQblCeU]]></document>
		<document><![CDATA[Gen X more addicted to social media than Millennials, report finds https://t.co/WqZnVAHBB3 via @brisbanetimes]]></document>
		<document><![CDATA[@PatrickFConlon2 "grew out of them"?? - that does not compute @_rebase @GrahamPerrettMP @jamesmassola]]></document>
		<document><![CDATA[@_rebase @PatrickFConlon2 @GrahamPerrettMP @jamesmassola point conceded...🍤🍤🍤]]></document>
		<document><![CDATA[@PatrickFConlon2 😣A fritter is a collection of ingredients held together in a batter. @GrahamPerrettMP @_rebase @jamesmassola]]></document>
		<document><![CDATA[@_rebase @GrahamPerrettMP @jamesmassola Without question!]]></document>
		<document><![CDATA[@GrahamPerrettMP please dont say batter, unless it's Friday #fridayfishnchips #potatoscallop]]></document>
		<document><![CDATA[@_rebase @GrahamPerrettMP @jamesmassola It just can't be a "cake". It is totally devoid of any cake-like qualities. #potatoscallop]]></document>
		<document><![CDATA[@MarkBaileyMP @QldFES @TMRQld Engine fires on (school) buses seem to happen often. Time for fire suppression system… https://t.co/isIZk9f46O]]></document>
		<document><![CDATA[@CoPStewart This violent thug should not have been released on bail, no matter the conditions. https://t.co/o0p5o1jUn8]]></document>
		<document><![CDATA[Donald Trump's Muslim ban excludes countries in which he has business ties https://t.co/mTi5x521Cx via @theage]]></document>
		<document><![CDATA[@QldAmbulance Bad morning for ladies on bicycles. I hope they're both recovering well.]]></document>
		<document><![CDATA[Bravo (again) @Qantas &amp; thanks for including our beautiful Tangalooma. #proudqueenslander]]></document>
		<document><![CDATA[@brad_sayer @evanmoorhead And the road helmet...]]></document>
		<document><![CDATA[Would love to be up flying tonight. @ Brisbane, Australia https://t.co/yWRVFbOeJD]]></document>
		<document><![CDATA[I reckon @Qantas wins the "Best Shed" @flyLAXairport🇦🇺 🇺🇸 ✈️ 🔧 🔨]]></document>
		<document><![CDATA[I still don't know if I'm doing Instagram Stories correctly 📷]]></document>
		<document><![CDATA["It doesn't take much to hurt me,
There's nothing left upon which I can fall."
@CCDMUSIC "Stay" #MovementsEP
💪💪💪🎤]]></document>
		<document><![CDATA[Disappointed, @CCDMUSIC knocked it out of the park last year with this masterpiece #hottest100 https://t.co/6jiW27FvDT via @YouTube]]></document>
		<document><![CDATA[Apart from being #AusoftheYear Alan is also a bloody nice bloke.]]></document>
		<document><![CDATA[Happily, I've dropped 30kg since Christmas #alternativefacts #NewYearNewMe 
🤡
🏃
🏋️‍♀️]]></document>
		<document><![CDATA[@DoctorKarl @justguydwnunder I started wearing bamboo socks a year ago. Best move ever. Do take a long time to dry.]]></document>
		<document><![CDATA[Serenity now!😡 https://t.co/3Mlbioeouz]]></document>
		<document><![CDATA[Do you really want to get fit? Observations from a PT https://t.co/kl52jVNBnT]]></document>
		<document><![CDATA[My gym clothes now smell like sunshine, not Luggage Point 🌞🌱🌿☘️🍀🍃]]></document>
		<document><![CDATA[Damn shame I booked my @Qantas flights a week before the double points offer opened. What rotten timing I have 😉 ✈]]></document>
		<document><![CDATA[It looks like Trump has already turned the Oval office into a Russian strip club. Gold curtains?, really??]]></document>
		<document><![CDATA[Oh PLEASE let this be true...🐝 https://t.co/VSOIfJI7j3]]></document>
		<document><![CDATA[The Trump Presidential Ball looked like the Waltz of the Aryan Nation.]]></document>
		<document><![CDATA[@PoppyHarlowCNN @CNN Flesh coloured head mic would be less obtrusive than the black. Just a suggestion. 😉]]></document>
		<document><![CDATA[White House website removes Obama climate change initiatives https://t.co/dguKFhLKst via @theage]]></document>
		<document><![CDATA[COLES HAS A HELP YOURSELF OLIVE BAR. I'M SHOUTING BECAUSE I'M VERY EXCITED. @ Westfield Garden City https://t.co/eiBfmqI7Le]]></document>
		<document><![CDATA[Woke up this morning to find Jabba the Hutt living in the White House. https://t.co/Ao3j1dLzYh]]></document>
		<document><![CDATA[Great article on James Nolen in the latest edition of @MensBiz The Mirror. Gentleman level: Jedi]]></document>
		<document><![CDATA[Just bought my ticket to see @MiddleKidsMusic @TheFoundryBris in April. Wouldn't dare risk missing them. #ausmusic #livemusic]]></document>
		<document><![CDATA[I still think Melania Trump is anamatonic 🤖]]></document>
		<document><![CDATA[I'm glad that maniac has been taken into @VictoriaPolice custody. Heart is broken for the 3 souls he took. Stay strong beautiful #Melbourne]]></document>
		<document><![CDATA[@BoweLori @dgunsberg Revolting, actually 🤢]]></document>
		<document><![CDATA[Thoughts and prayers for the people of #Melbourne]]></document>
		<document><![CDATA[@QldAmbulance Always maintain 3 points of contact with the ladder.]]></document>
		<document><![CDATA[I can't believe I just watched a driving school car go through a red light 😡. Certainly explains a lot @RACQOfficial @QPSmedia]]></document>
		<document><![CDATA[Just walked out of the air-conditioned bedroom into a 23C dew point and 30C apparent temperature. At 4.30am. Yuk... https://t.co/g3TBlCu4XS]]></document>
		<document><![CDATA[Discovered a new, utterly murderous version of interval training today. The quads are still aching from the lactic 🏃]]></document>
		<document><![CDATA[$400 return to Melbourne. $800 return to Los Angeles. https://t.co/kZi69dhLfU]]></document>
		<document><![CDATA[Is it a heatwave, or is it just "summer"?]]></document>
		<document><![CDATA[@U2 Meanwhile, in Australia... https://t.co/IKK023u5ts]]></document>
		<document><![CDATA[Blue suits and brown shoes, that's a thing now is it? 🕺👞]]></document>
		<document><![CDATA[@GrahamPerrettMP Standards have dropped since Matlock Police finished.]]></document>
		<document><![CDATA[OK, so maybe don't do interval sprints AND squats on the same day you walk 10km in this heat.]]></document>
		<document><![CDATA[Holy shit @BoweLori !!! https://t.co/BMfgqu0YQJ]]></document>
		<document><![CDATA[Says it all, really... https://t.co/1mw6Yas3LM]]></document>
		<document><![CDATA[Home cooked steak frites thanks to @Capegrim Inspiration courtesy of cestbonrestaurantbrisbane @… https://t.co/RFyZidj0lk]]></document>
		<document><![CDATA[@GrahamPerrettMP @maursull01 had a 5am scrub turkey branch (no pun intended) meeting on her Tarragindi roof during the week.]]></document>
		<document><![CDATA[Sorry @tarajt it was Brickvention Melbourne this weekend.]]></document>
		<document><![CDATA[@grantimahara Curious 2 know why you replaced carbon fibre with aluminium on your #whiterabbitproject hover board please?]]></document>
		<document><![CDATA[I honestly don't understand why stories about heat in Brisbane summers still make the news.]]></document>
		<document><![CDATA[@tarajt are you going to this?]]></document>
		<document><![CDATA[Yay for 1am thunderstorms]]></document>
		<document><![CDATA[@triplej Watch out for @holyholymusic "PAINT", something spesh from @AliBarter_Music &amp; hopefully a new drop from @CCDMUSIC]]></document>
		<document><![CDATA[This is one of the worst parties I've ever been invited to.]]></document>
		<document><![CDATA[Aaaaand that's 24 hours since I've eaten solid food https://t.co/gOphjhJGxX]]></document>
		<document><![CDATA[Thank the old Gods and the new for barley sugar.]]></document>
		<document><![CDATA[My abdomen sounds like an earthquake zone.]]></document>
		<document><![CDATA[@GrahamPerrettMP The King in the North! (I hope you got that reference) #GameOfThrones]]></document>
		<document><![CDATA[@GrahamPerrettMP Had to look twice, thought this was Wally Lewis 😉 (Heard that comparison before?)]]></document>
		<document><![CDATA[Loving @thegrandtour but lose The American &amp; celebrity brain crash.]]></document>
		<document><![CDATA[I just put a Sound shortcut on my Windoze laptop. My life is complete. 💩 https://t.co/2FWVl7QUtB]]></document>
		<document><![CDATA[@GrahamPerrettMP Their world.]]></document>
		<document><![CDATA[Beautiful cloudless night in Brisbane, I'd love to be up flying tonight.]]></document>
		<document><![CDATA[“The only disability in life is a bad attitude.” (Scott Hamilton)]]></document>
		<document><![CDATA[@DoctorKarl Is it fair 2 say it's getting easier 2 put energy in, and harder 2 get energy out? #lifestyle]]></document>
		<document><![CDATA[Sussan Ley has taught me that it's possible to spend $11000 of taxpayers money PER DAY, for 7 days while travelling. 😡 #leybuy]]></document>
		<document><![CDATA[So I've bought more #vinyl this year than I did during the entire '90s.]]></document>
		<document><![CDATA[Nice Saturday, I might pop out and put an $800 000 apartment on #leybuy]]></document>
		<document><![CDATA[@JandsPtyLtd Can you suggest retailers in Brisbane for the MV88 please?]]></document>
		<document><![CDATA[@shure What SPL is the MV88 rated to?]]></document>
		<document><![CDATA[@TransLinkSEQ @QPSmedia @QldAmbulance @QldFES @SteveGriffiths_ @chopperdaveqld Is traffic still allowed through the area?]]></document>
		<document><![CDATA[@car_advice Still the ugliest cars on the road.]]></document>
		<document><![CDATA[@originenergy @MarkBaileyMP I've received 3 "Your bill has been amended" emails from "Origin Energy" since Dec 28. I'll call today 🤔]]></document>
		<document><![CDATA[After seeing all the great photos from @fallsofficial , I'm getting some serious @CCDMUSIC withdrawl symptoms.]]></document>
		<document><![CDATA[Mysterious 'fast radio bursts' tracked back to galaxy 2.5 billion light years away https://t.co/CLBhYxB7Fi via @brisbanetimes]]></document>
		<document><![CDATA[@RACQOfficial @MarkBaileyMP @CoPStewart Nor do they know what a red light is 😡]]></document>
		<document><![CDATA[So if vinyl is a thing again, will we be watching VHS again in 12 months? 😆]]></document>
	</documents>
</author>